열1,열12
(가스불을)켜다,켜다
(가진 것이)없다,없다
(값이)오르다,오르다
(공간이)좁다,좁다
비좁다,좁다
(공간이)차다,차다
가득차다,차다
메우다,차다
(공기의)순환,순환
(과일)배,배
(관직)관리,관리
(기온이)오르다,오르다
(나무를)베다,베다
(나체의)맨몸,맨몸
나체,맨몸
알몸,맨몸
(남자)권사,권사
(남자를)유혹,유혹
 유혹하다,유혹
(눈을)감다,감다
(눈이)내리다,내리다
(단위의)등,등
(동물)사자,사자
(마시는)차,차
(마음이)좁다,좁다
옹졸하다,좁다
옹하다,좁다
(맛이)쓰다,쓰다
(맛이)짜다,짜다
(머리를)감다,감다
(모자를)쓰다,쓰다
모자(를 쓰다),쓰다
(물건을)인도,인도
 인도받다,인도
(버스에)승차,승차
(벽에 생기는)균열,균열
(불가능)없다,없다
불가능,없다
(불빛을)켜다,켜다
(불을)지르다,지르다
(비가)내리다,내리다
(빠르게)달리다,달리다
뛰다,달리다
(사람을)차다,차다
(사방위)북,북
(시간)분,분
(시간)시,시
시간,시
(시간)시,시
시간,시
(시설물)다리,다리
(시작 전)사전,사전
전,사전
전에,사전
이전,사전
(신문)배달원,배달원
(신체기관)장,장
(신체의)눈,눈
(신체의)다리,다리
(신체의)등,등
(신체의)배,배
(쌀이)떨어지다,떨어지다
(쌀이)바닥나다,떨어지다
(양복을)맞추다,맞추다
(여자)권사,권사
(여자를)유혹,유혹
 유혹하다,유혹
(영어지문자)시,시
(온도를)내리다,내리다
(온도가)내려가다,내리다
(음식에 간을)맞추다,맞추다
(음식의)장,장
(이가)빠지다,빠지다
(입을)닫다,닫다
(자동차에)승차,승차
(조직의)장,장
(존재가)없다,없다
(지역)공주,공주
(책)사전,사전
(총을 쏘는)사수,사수
(총을 쏘는)사수,사수
(칭호)공주,공주
(타악기)북,북
(택배)배달원,배달원
(풀을)베다,베다
(한)시,시
(혈액의)순환,순환
(화학)실험,실험
(활을 쏘는)사수,사수
1층,1층
ㄱ,ㄱ
가꾸다,가꾸다
기르다,가꾸다
배양,가꾸다
양성,가꾸다
양육,가꾸다
육성,가꾸다
키우다,가꾸다
가나,가나
가난,가난
곤궁,가난
궁핍,가난
빈곤,가난
가난뱅이,가난뱅이
가느다랗다,가느다랗다
가늘다,가늘다
가능,가능
할 수 있다,가능
가다,가다
가담,가담
들어가다,가담
참가,가담
참석,가담
참여,가담
출석,가담
진출,가담
가동,가동
가득,가득
차다,가득
가득히,가득
가라앉히다,가라앉히다
냉각,가라앉히다
가라앉다,가라앉히다
가락지,가락지
반지,가락지
가렵다,가렵다
긁다,가렵다
가령,가령
만약,가령
가로채다,가로채다
가루,가루
분말,가루
분,가루
가르다,가르다
나누다,가르다
구별,가르다
구분,가르다
분류,가르다
분별,가르다
분할,가르다
유별,가르다
가르치다,가르치다
가르침,가르치다
교육,가르치다
교수하다,가르치다
가리다,가리다
고르다,가리다
선별,가리다
가마,가마
가마니,가마니
가마,가마니
가만있다,가만있다
멈추다,가만있다
멎다,가만있다
가만히,가만히
조용하다,가만히
가면,가면
탈,가면
가발,가발
덧머리,가발
가볍다,가볍다
가사,가사
집안일,가사
가정일,가사
가산,가산
가재,가산
가수,가수
가슴,가슴
흉부,가슴
가시,가시
날카롭다,가시
뾰족하다,가시
예리하다,가시
예민하다,가시
가시다,가시다
사라지다,가시다
상실,가시다
가야금,가야금
가위,가위
가위질,가위
가을,가을
금추,가을
가입,가입
등록,가입
가장,가장
가구주,가장
주인,가장
호주,가장
가정부,가정부
가사관리사,가정부
가져가다,가져가다
가져오다,가져오다
가족,가족
식구,가족
세대,가족
가구,가족
가중,가중
가지,가지
가지고 다니다,가지고 다니다
휴대,가지고 다니다
가지다,가지다
갖다,가지다
지니다,가지다
취하다,가지다
소유하다,가지다
소지하다,가지다
가짜,가짜
가치,가치
각오,각오
결심,각오
작정,각오
간,간
간장,간
간단하다,간단하다
간략하다,간단하다
간편하다,간단하다
단순,간단하다
편리,간단하다
편의,간단하다
간부,간부
위원,간부
간사하다,간사하다
속이다,간사하다
간섭,간섭
참견,간섭
파헤치다,간섭
헤치다,간섭
간음,간음
간장,간장
장,간장
장유,간장
간절,간절
간접,간접
간첩,간첩
스파이,간첩
첩자,간첩
간추리다,간추리다
집약,간추리다
요약하다,간추리다
간호,간호
문병,간호
병간호,간호
병문안,간호
간호사,간호사
간혹,간혹
가끔,간혹
때때로,간혹
이따금,간혹
종종,간혹
간간이,간혹
드문드문,간혹
종종히,간혹
혹,간혹
갇히다,갇히다
구류,갇히다
하지 못하게 하다,갇히다
지배,갇히다
갈고닦다,갈고닦다
연마,갈고닦다
단련,갈고닦다
갈다,갈다
갈다,갈다
바꾸다,갈다
교대,갈다
교체,갈다
변경,갈다
변동,갈다
갈등,갈등
마찰,갈등
거북하다,갈등
껄끄럽다,갈등
갈망,갈망
갈비,갈비
늑골,갈비
갈비뼈,갈비
갈비찜,갈비찜
갈비탕,갈비찜
갈색,갈색
갈증,갈증
목마르다,갈증
목이 타다,갈증
감,감
감격,감격
감금,감금
감기,감기
감당,감당
사명,감당
책임,감당
담당,감당
소임,감당
역임,감당
맡다,감당
책임지다,감당
감독,감독
감수,감독
감독관,감독관
감독자,감독관
감동,감동
감리교,감리교
감사합니다,감사합니다
감사,감사합니다
고맙다,감사합니다
감수,감수
감싸다,감싸다
둘러싸다,감싸다
에워싸다,감싸다
감염,감염
전염,감염
옮다,감염
걸리다,감염
감옥,감옥
옥,감옥
감자,감자
감정,감정
기분,감정
정서,감정
감추다,감추다
숨다,감추다
은닉,감추다
감투,감투
관,감투
감히,감히
갑자기,갑자기
갑작스럽다,갑자기
별안간,갑자기
갑작스레,갑자기
갑자기,갑자기
냅다,갑자기
별안간,갑자기
갑작스럽다,갑자기
갑작스레,갑자기
값,값
대금,값
가격,값
금액,값
돈,값
금전,값
화폐,값
갓난아기,갓난아기
갓난아이,갓난아기
아기,갓난아기
영아,갓난아기
젖먹이,갓난아기
강,강
강냉이,강냉이
옥수수,강냉이
강당,강당
강도,강도
강습,강습
강습소,강습소
강연,강연
연설,강연
강요,강요
강구,강요
강원도,강원도
강자,강자
강하다,강하다
견고하다,강하다
굳다,강하다
단단하다,강하다
딱딱하다,강하다
공고하다,강하다
세다,강하다
억세다,강하다
강화도,강화도
갚다,갚다
상환,갚다
배상,갚다
갚았다,갚았다
개,개
강아지,개
개그맨,개그맨
개그우먼,개그맨
개나리,개나리
개다,개다
개키다,개다
싸다,개다
포장,개다
개막식,개막식
개식,개막식
개미,개미
개별,개별
각,개별
각각,개별
각기,개별
개개,개별
낱낱이,개별
제각기,개별
각자,개별
개성,개성
개경,개성
개안,개안
깨닫다,개안
개울,개울
시내,개울
산천,개울
개월,개월
몇 개월,개월
개의,개의
개인,개인
사,개인
개천절,개천절
개천일,개천절
개학,개학
개회,개회
갱,갱
깡패,갱
불량배,갱
갱생,갱생
회복,갱생
소생,갱생
재생,갱생
회생,갱생
거두다,거두다
거두다,거두다
수확,거두다
거래,거래
거리,거리
길거리,거리
통행,거리
거미,거미
거부권,거부권
거부당하다,거부당하다
기각,거부당하다
부결,거부당하다
거북,거북
거세다,거세다
맹렬하다,거세다
진하다,거세다
힘차다,거세다
거스름돈,거스름돈
잔액,거스름돈
잔금,거스름돈
잔돈,거스름돈
거의,거의
거개,거의
대부분,거의
주로,거의
거인,거인
거저,거저
공것,거저
공짜,거저
무료,거저
면제,거저
면하다,거저
거제도,거제도
거주지,거주지
거지,거지
걸인,거지
거짓,거짓
허위,거짓
거처,거처
거치다,거치다
방해,거치다
지장,거치다
거행,거행
하다,거행
걱정,걱정
근심,걱정
상심,걱정
시름,걱정
염려,걱정
우수,걱정
괴롭다,걱정
건강,건강
기력,건강
강건하다,건강
튼튼하다,건강
건너다,건너다
횡단,건너다
건너다,건너다
넘다,건너다
넘어가다,건너다
침범,건너다
건립,건립
설립,건립
수립,건립
세우다,건립
건빵,건빵
건설,건설
건축,건설
건설교통부,건설교통부
건의,건의
제의,건의
건전,건전
건조,건조
건청,건청
건청인,건청인
건축가,건축가
걷다,걷다
걸음,걷다
도보,걷다
보행,걷다
걷어붙이다,걷어붙이다
적극,걷어붙이다
걷어차다,걷어차다
걷히다,걷히다
걸레,걸레
행주,걸레
걸리다,걸리다
검도,검도
검문소,검문소
검사,검사
검은색,검은색
검정색,검은색
흑,검은색
흑색,검은색
검정,검정
검다,검정
까맣다,검정
타다,검정
흑,검정
것,것
몫,것
소유,것
겉,겉
겉멋,겉멋
게시,게시
제시,게시
게양,게양
달다,게양
게우다,게우다
구토,게우다
토하다,게우다
게으름,게으름
게으르다,게으름
게으름을 피우다,게으름
나태,게으름
태만,게으름
게으름뱅이,게으름뱅이
게으름쟁이,게으름뱅이
겨레,겨레
동포,겨레
겨루다,겨루다
겨루기,겨루다
경쟁,겨루다
고사,겨루다
고시,겨루다
수험,겨루다
승부,겨루다
시합,겨루다
시험,겨루다
겨울옷,겨울옷
동복,겨울옷
격일,격일
격주,격주
격퇴,격퇴
물리치다,격퇴
퇴치,격퇴
격파,격파
깨어지다,격파
겪다,겪다
당하다,겪다
-던,겪다
-았(-었),겪다
적,겪다
견인,견인
결과,결과
결말,결과
마지막,결과
최종,결과
최후,결과
결국,결과
드디어,결과
마침내,결과
결단,결단
결백,결백
깔끔하다,결백
깨끗하다,결백
말끔하다,결백
산뜻하다,결백
소박하다,결백
순결,결백
순수,결백
정결,결백
청결,결백
결석,결석
결손,결손
손해,결손
손실,결손
결의,결의
결심,결의
결정,결정
정하다,결정
결핵,결핵
폐결핵,결핵
폐병,결핵
결핵균,결핵균
결혼,결혼
혼인,결혼
화혼,결혼
결혼식,결혼식
혼례,결혼식
혼례식,결혼식
겸손,겸손
겸허,겸손
겸하다,겸하다
겹겹이,겹겹이
겹치다,겹치다
경건하다,경건하다
경계,경계
경고,경고
경과,경과
경위,경과
경과,경과
흐르다,경과
경기도,경기도
경기장,경기장
경력,경력
이력,경력
경마장,경마장
경멸,경멸
깔보다,경멸
멸시,경멸
업신여기다,경멸
경비,경비
보초,경비
수위,경비
파수,경비
지키다,경비
경비병,경비병
병위,경비병
경비실,경비실
경비원,경비원
파수꾼,경비원
경상남도,경상남도
경남,경상남도
경상도,경상도
경상북도,경상북도
경북,경상북도
경색,경색
경악,경악
깜짝,경악
놀라다,경악
경전,경전
경장,경전
경제,경제
경주,경주
경주시,경주
경찰,경찰
순경,경찰
순사,경찰
경찰관,경찰관
경관,경찰관
경찰,경찰관
경찰서,경찰서
경치,경치
관람,경치
구경,경치
풍경,경치
경험,경험
계,계
계급,계급
계기,계기
동기,계기
말미암다,계기
-자,계기
계단,계단
층계,계단
계산,계산
수,계산
셈,계산
세다¹,계산
헤아리다,계산
계산대,계산대
카운터,계산대
계속,계속
연속,계속
이어,계속
내내,계속
-면서,계속
지속,계속
끊임없이,계속
계승,계승
승계,계승
계승자,계승자
계승인,계승자
계약,계약
맺다,계약
예매,계약
예약,계약
계약금,계약금
계약서,계약서
계율,계율
계절,계절
사계,계절
사계절,계절
사철,계절
철,계절
시절,계절
철기,계절
계획,계획
고,고
옛,고
고구려,고구려
고급,고급
고기,고기
가죽,고기
살,고기
고기,고기
물고기,고기
생선,고기
헤엄치다,고기
고난,고난
고생,고난
고초,고난
고통,고난
고등,고등
고등학교,고등학교
고교,고등학교
고등학생,고등학생
고교생,고등학생
고려,고려
고루고루,고루고루
유사,고루고루
흡사,고루고루
근사하다,고루고루
비슷하다,고루고루
유사하다,고루고루
흡사히,고루고루
고모,고모
고무,고무
고무신,고무신
고무줄,고무줄
고민,고민
고발,고발
고자질,고발
일러바치다,고발
고백,고백
고해,고백
고속도로,고속도로
고속버스,고속버스
고속철도,고속철도
고속철,고속철도
고아,고아
고아원,고아원
보육원,고아원
고양,고양
고양이,고양이
고용,고용
채용,고용
고의,고의
고의,고의
일부러,고의
고인,고인
사망자,고인
(죽은자)사자,고인
고장,고장
꺾다,고장
부러지다,고장
고정,고정
고조할머니,고조할머니
고조할아버지,고조할아버지
고집,고집
고추,고추
고추장,고추장
고춧가루,고춧가루
고층,고층
고프다,고프다
시장,고프다
굶다,고프다
배고프다,고프다
고함,고함
비명,고함
아우성,고함
부르짖다,고함
외치다,고함
지르다,고함
소리를 지르다,고함
소리치다,고함
고향,고향
고환,고환
곡괭이,곡괭이
곤두박질,곤두박질
곤두질,곤두박질
떨어지다,곤두박질
곤란,곤란
곧,곧
금명간,곧
신속,곧
이르다,곧
냉큼,곧
빨리,곧
속히,곧
썩,곧
어서,곧
얼른,곧
이내,곧
일찍,곧
일찍이,곧
-자,곧
곧다,곧다
단정하다,곧다
똑바르다,곧다
바르다,곧다
반듯하다,곧다
올바르다,곧다
점잖다,곧다
똑바르다,곧다
올곧다,곧다
정하다,곧다
골머리를 앓다,골머리를 앓다
골치(가) 아프다,골머리를 앓다
골목,골목
골목길,골목
골몰,골몰
전념,골몰
집중,골몰
골똘하다,골몰
골인,골인
골짜기,골짜기
산골,골짜기
산골짜기,골짜기
골키퍼,골키퍼
골프,골프
곰보,곰보
곱,곱
곱하기,곱
곱하다,곱
곱빼기,곱빼기
배가,곱빼기
곳,곳
위치,곳
장소,곳
터,곳
곳간,곳간
공,공
공로,공
공,공
볼,공
공,공
영,공
공감,공감
공격,공격
공공 기관,공공 기관
공공시설,공공시설
공공장소,공공장소
공급,공급
공립,공립
공무 집행 방해죄,공무 집행 방해죄
공무원,공무원
공복,공무원
공문,공문
공문서,공문
공박,공박
문초,공박
심문,공박
추궁,공박
캐어묻다,공박
공범,공범
공동정범,공범
공범자,공범
공부,공부
학업,공부
공사장,공사장
공사판,공사장
공산당,공산당
공수부대,공수부대
공약,공약
공인중개사,공인중개사
공장,공장
사업,공장
공장장,공장장
공중,공중
공중,공중
민간,공중
서민,공중
일반인,공중
공직,공직
공무,공직
공책,공책
노트,공책
과,과
-꾼,과
전공,과
똑바로,과
과,과
전공,과
과거,과거
전,과거
지나다,과거
과거,과거
지나다,과거
과대,과대
과목,과목
강좌,과목
교과,과목
학과목,과목
교과목,과목
과부,과부
홀어머니,과부
홀어미,과부
과일,과일
과실,과일
과장,과장
과징금,과징금
과테말라,과테말라
과학,과학
과학자,과학자
관계없다,관계없다
막론하다,관계없다
무관하다,관계없다
상관없다,관계없다
상관하지 않다,관계없다
관공서,관공서
관광,관광
관광객,관광객
관대하다,관대하다
너그럽다,관대하다
관람,관람
관리,관리
관리하다,관리
관리비,관리비
관리인,관리인
관리자,관리인
관용어,관용어
숙어,관용어
관인,관인
공인,관인
인관,관인
직인,관인
관절,관절
관중,관중
관객,관중
구경꾼,관중
관철,관철
관통,관철
꿰뚫다,관철
알아맞히다,관철
관청,관청
관헌,관청
관하다,관하다
대하다,관하다
관형사,관형사
광,광
광선,광
라이트,광
빛,광
조명,광
비추다,광
비치다,광
광,광
창고,광
광복절,광복절
광부,광부
광산,광산
광영,광영
영광,광영
광주,광주
광주시,광주
광택,광택
광,광택
광화문,광화문
우물,광화문
괘씸하다,괘씸하다
괜찮다,괜찮다
무방하다,괜찮다
괴롭히다,괴롭히다
괴짜,괴짜
괴팍하다,괴팍하다
굉장하다,굉장하다
심하다,굉장하다
심각하다,굉장하다
교감,교감
교과서,교과서
교본,교과서
교도소,교도소
감옥,교도소
형무소,교도소
교류,교류
교제,교류
사귀다,교류
사교,교류
교만,교만
거만,교만
오만,교만
건방지다,교만
잘난 척하다,교만
교무실,교무실
교원실,교무실
서무실,교무실
교복,교복
학생복,교복
교사,교사
교원,교사
사범,교사
선생,교사
스승,교사
교직자,교사
교수,교수
교실,교실
교육대학교,교육대학교
교육대학,교육대학교
교육자,교육자
교육인,교육자
교육청,교육청
교장,교장
교차로,교차로
사거리,교차로
교차점,교차점
교통,교통
교통비,교통비
교통사고,교통사고
교파,교파
종파,교파
교환,교환
바꾸다,교환
맞바꾸다,교환
교활,교활
여우,교활
교회,교회
구간,구간
구걸,구걸
동냥,구걸
구공탄,구공탄
연탄,구공탄
구급차,구급차
응급차,구급차
앰뷸런스,구급차
구기다,구기다
구두,구두
구두쇠,구두쇠
수전노,구두쇠
구름,구름
구매,구매
구입,구매
쇼핑,구매
매수,구매
매입,구매
사다,구매
구매자,구매자
구실,구실
명목,구실
핑계,구실
구약,구약
구어,구어
구역,구역
지역,구역
구,구역
구원,구원
구출,구원
구하다,구원
건지다,구원
구월,구월
구인,구인
구주,구주
유럽,구주
구청,구청
구타,구타
국,국
국가시험,국가시험
국가 고시,국가시험
국군,국군
국립,국립
국민,국민
백성,국민
국방,국방
국수,국수
면,국수
국유,국유
국제,국제
세계,국제
세상,국제
국제연합,국제연합
유엔,국제연합
국회,국회
국회의사당,국회의사당
군사령관,군사령관
군용기,군용기
군용비행기,군용기
군인,군인
군사,군인
병사,군인
병정,군인
장병,군인
군집,군집
떼,군집
무리,군집
굴(구멍),굴
굴(조개),굴
굽다,굽다
궁금하다,궁금하다
궁색,궁색
권리,권리
권한,권리
권세,권세
권력,권세
세력,권세
권씨,권씨
권위,권위
권위자,권위자
권총,권총
총,권총
당기다,권총
쏘다,권총
권투,권투
복싱,권투
귀,귀
귀감,귀감
모범,귀감
본받다,귀감
귀걸이,귀걸이
귀고리,귀걸이
귀국,귀국
착륙,귀국
내려앉다,귀국
귀신(鬼神)같이 사라지다,귀신같이 사라지다
귀신,귀신
마귀,귀신
사탄,귀신
악마,귀신
유령,귀신
귀여워하다,귀여워하다
귀엽다,귀여워하다
귀중하다,귀중하다
중요,귀중하다
막중하다,귀중하다
소중하다,귀중하다
귀찮다,귀찮다
불편,귀찮다
성가시다,귀찮다
귀하다,귀하다
존귀,귀하다
규약,규약
규율,규약
규칙,규약
조항,규약
균일,균일
동일,균일
골고루,균일
일제히,균일
균형,균형
대등,균형
수평,균형
평등,균형
표준,균형
평평하다,균형
그,그
그끄저께,그끄저께
그냥,그냥
그저,그냥
그녀,그녀
그다음,그다음
다음,그다음
그대로,그대로
그렇다,그렇다
그러하다,그렇다
그릇되다,그릇되다
틀리다,그릇되다
그리기,그리기
미술,그리기
회화,그리기
그리다,그리기
그림,그리기
그리스,그리스
그리워하다,그리워하다
동경,그리워하다
사모,그리워하다
그리다,그리워하다
그립다,그리워하다
그만,그만
그만이다,그만
그만,그만
금지,그만
그만두다,그만
금하다,그만
말다,그만
하지 마,그만
그만,그만
끝,그만
까지,그만
종결,그만
종료,그만
끝나다,그만
마치다,그만
그만하다,그만하다
고만하다,그만하다
이만하다,그만하다
저만하다,그만하다
그만하다,그만하다
일관,그만하다
여전하다,그만하다
한결같다,그만하다
그저,그만하다
일관성이 있다,그만하다
전과 똑같다,그만하다
그저께,그저께
그제,그저께
극복,극복
극복,극복
이겨냄,극복
극장,극장
근로,근로
근무,근로
노동,근로
일,근로
작업,근로
근로자,근로자
고용인,근로자
노동자,근로자
노무자,근로자
사원,근로자
일꾼,근로자
종업원,근로자
직원,근로자
근면,근면
열성,근면
열심,근면
꾸준하다,근면
부지런하다,근면
근방,근방
가까이,근방
근처,근방
부근,근방
인근,근방
근본,근본
기반,근본
기본,근본
기초,근본
바탕,근본
뿌리,근본
근사하다,근사하다
근육,근육
글,글
글자,글
자,글
글월,글월
문,글월
문구,글월
문장,글월
글피,글피
긁어먹다,긁어먹다
등치다,긁어먹다
긁어모으다,긁어모으다
금가락지,금가락지
금반지,금가락지
금강산,금강산
금고,금고
금리,금리
금메달,금메달
금색,금색
황금색,금색
골드색,금색
금세,금세
금식,금식
금연,금연
금요일,금요일
금융,금융
은행,금융
금주,금주
술을 끊다,금주
금주,금주
이번 주,금주
금주일,금주
급행,급행
고속,급행
긍정,긍정
긍휼,긍휼
기,기
깃발,기
기간,기간
기겁,기겁
기계,기계
장치,기계
기관지,기관지
기구,기구
조직,기구
짜임,기구
천,기구
헝겊,기구
짜다,기구
기금,기금
기본금,기금
기념,기념
기념식,기념식
기념일,기념일
기다랗다,기다랗다
기다리다,기다리다
대기,기다리다
이따가,기다리다
기도,기도
기독교,기독교
예수교,기독교
기록,기록
기술,기록
기름,기름
숙달,기름
원활,기름
능숙하다,기름
매끄럽다,기름
미끄럽다,기름
순조롭다,기름
자주,기름
빈번히,기름
낯익다,기름
기린,기린
기말시험,기말시험
기말고사,기말시험
기발하다,기발하다
기쁨,기쁨
기쁘다,기쁨
기사,기사
기술사,기사
기술자,기사
기상,기상
일어나다,기상
일어서다,기상
서다,기상
독립,기상
기생,기생
더부살이,기생
기술,기술
재능,기술
재주,기술
기억,기억
암기,기억
외다,기억
외우다,기억
기업,기업
회사,기업
사,기업
기와,기와
기운,기운
힘,기운
기원,기원
빌다,기원
기입,기입
기자,기자
기저귀,기저귀
기적,기적
기차,기차
기관차,기차
열차,기차
기차역,기차역
역,기차역
기차표,기차표
열차표,기차표
기체,기체
가스체,기체
기초 생활 보호 대상자,기초 생활 보호 대상자
기침,기침
감기,기침
해수,기침
기타,기타
기피,기피
대피,기피
피신,기피
회피,기피
피하다,기피
기회,기회
찬스,기회
길,길
도로,길
길다,길다
오래다,길다
오래,길다
길이,길이
장단,길이
단장,길이
김,김
김씨,김씨
김치,김치
깊다,깊다
깊숙하다,깊다
깊숙이,깊숙이
ㄲ,ㄲ
까다,까다
벗기다,까다
까닭,까닭
뜻,까닭
명목,까닭
의미,까닭
이유,까닭
이치,까닭
뜻하다,까닭
까마귀,까마귀
까불다,까불다
깜깜하다,깜깜하다
소식이 없다,깜깜하다
감감하다,깜깜하다
감감무소식,깜깜하다
무소식,깜깜하다
무신,깜깜하다
깜박대다,깜박대다
깜박거리다,깜박대다
깜박깜박하다,깜박대다
깨,깨
세부,깨
정밀,깨
상세하다,깨
세밀하다,깨
자세하다,깨
찬찬하다,깨
치밀하다,깨
샅샅이,깨
꼼꼼,깨
깨다,깨다
깨다,깨다
깨뜨리다,깨다
파괴,깨다
파손,깨다
깨물다,깨물다
물다,깨물다
꺼지다,꺼지다
소등,꺼지다
껌,껌
꼬다,꼬다
꼬마,꼬마
꼬맹이,꼬마
소아,꼬마
꼬시다,꼬시다
유인,꼬시다
유도,꼬시다
꼭,꼭
약속,꼭
-야,꼭
필수,꼭
필시,꼭
꽉차다,꽉차다
꽹과리,꽹과리
꾀,꾀
계책,꾀
꾀다,꾀다
꾸다,꾸다
변통,꾸다
차용,꾸다
빌리다,꾸다
꾸짖다,꾸짖다
나무라다,꾸짖다
야단치다,꾸짖다
가책,꾸짖다
구박,꾸짖다
꾸중,꾸짖다
꾸지람,꾸짖다
책망,꾸짖다
핍박,꾸짖다
힐책,꾸짖다
꿀,꿀
꿀벌,꿀벌
꿇다,꿇다
무릎(을) 꿇다,꿇다
꿈,꿈
포부,꿈
꿈꾸다,꿈
끈,끈
줄,끈
테이프,끈
로프,끈
케이블,끈
끈기,끈기
끈덕지다,끈기
끈질기다,끈기
끈적끈적,끈적끈적
끊어지다,끊어지다
끊어지다,끊어지다
-다가,끊어지다
끓다,끓다
끓이다,끓다
데우다,끓다
때다,끓다
삶다,끓다
끝내다,끝내다
ㄴ,ㄴ
나,나
내,나
제,나
자기,나
나그네,나그네
나누기,나누기
나눗셈,나누기
제하기,나누기
나머지,나머지
남다,나머지
여분,나머지
흑자,나머지
나무,나무
수목,나무
나비,나비
나비넥타이,나비넥타이
나쁘다,나쁘다
악,나쁘다
못되다,나쁘다
악하다,나쁘다
나서다,나서다
선두,나서다
앞서다,나서다
앞장,나서다
앞장서다,나서다
나오다,나오다
나이,나이
나잇살,나이
살,나이
연령,나이
연세,나이
나이지리아,나이지리아
나중,나중
밖,나중
이후,나중
후,나중
나체,나체
알몸,나체
맨몸,나체
전라,나체
나침반,나침반
나침판,나침반
나타나다,나타나다
드러나다,나타나다
출현,나타나다
나흘,나흘
낙담,낙담
낙망,낙담
낙심,낙담
실망,낙담
절망,낙담
좌절,낙담
낙선,낙선
낙엽,낙엽
가랑잎,낙엽
낙엽이 떨어지다,낙엽
낙오,낙오
뒤지다,낙오
낙지,낙지
낙타,낙타
낙태,낙태
낙하산,낙하산
낚다,낚다
낚시,낚시
낚시질,낚시
낚시터,낚시터
난동,난동
난쟁이,난쟁이
난청,난청
난청인,난청인
난청자,난청인
난청인,난청인
난청자,난청인
난항,난항
어려워하다,난항
어렵다,난항
날,날
해,날
날다,날다
새,날다
날리다,날리다
날마다,날마다
나날,날마다
매번,날마다
매일,날마다
수시,날마다
일상,날마다
늘,날마다
매양,날마다
번번이,날마다
언제나,날마다
항상,날마다
날쌔다,날쌔다
민첩하다,날쌔다
빠르다,날쌔다
날씬하다,날씬하다
날짜,날짜
언제,날짜
날,날짜
일자,날짜
날치기,날치기
낡다,낡다
부패,낡다
묵다,낡다
썩다,낡다
헌,낡다
남,남
남녘,남
남쪽,남
남방,남
남녀,남녀
암수,남녀
자웅,남녀
남녀평등,남녀평등
양성평등,남녀평등
남대문,남대문
남대문,남대문
교량,남대문
육교,남대문
다리,남대문
남동생,남동생
남산,남산
남색,남색
남성,남성
남,남성
남아메리카,남아메리카
남자,남자
남,남자
남성,남자
사나이,남자
남쪽,남쪽
남,남쪽
따뜻하다,남쪽
봄,남쪽
포근하다,남쪽
남편,남편
배우자,남편
서방,남편
남해,남해
납부,납부
납입,납부
지급,납부
지불,납부
내다,납부
결제,납부
납치,납치
납품,납품
낫다,낫다
치유,낫다
낮,낮
대낮,낮
백주,낮
밝다,낮
새다,낮
트다,낮
환하다,낮
훤하다,낮
개다,낮
낮다,낮다
비하,낮다
낮잠,낮잠
낯설다,낯설다
낳다,낳다
나다,낳다
태어나다,낳다
분만,낳다
생식,낳다
출산,낳다
출생,낳다
탄생,낳다
해산,낳다
내게,내게
내구,내구
내기,내기
내년,내년
명년,내년
이듬해,내년
다음해,내년
내다,내다
내려놓다,내려놓다
내력,내력
내로라하다,내로라하다
내리누르다,내리누르다
내리다,내리다
하차,내리다
내몰다,내몰다
내몰다,내몰다
몰다,내몰다
내몰다,내몰다
배척,내몰다
추방,내몰다
내쫓다,내몰다
쫓아내다,내몰다
내밀다,내밀다
떠밀다,내밀다
밀다,내밀다
내밀다,내밀다
무소뿔,내밀다
내세우다,내밀다
내복,내복
내의,내복
속옷,내복
내부,내부
안,내부
이내,내부
내용,내부
속,내부
내쉬다,내쉬다
내외,내외
안팎,내외
내용,내용
경과,내용
내역,내용
사항,내용
내일,내일
명일,내일
내주,내주
다음주,내주
차주,내주
후주,내주
내키다,내키다
싶다,내키다
원하다,내키다
바라다,내키다
소원,내키다
바람,내키다
욕구,내키다
염원,내키다
원,내키다
냄비,냄비
냄새,냄새
냉정,냉정
너,너
네,너
자네,너
널다,널다
넓다,넓다
너르다,넓다
널찍하다,넓다
넘기다,넘기다
(다음으로)넘어가다,넘기다
넘어가다,넘어가다
대충,넘어가다
무성의하다,넘어가다
넘어가다,넘어가다
빠지다,넘어가다
넘어가다,넘어가다
서,넘어가다
저물다,넘어가다
지다,넘어가다
넘어오다,넘어오다
넘어오다,넘어오다
치밀다,넘어오다
넘어지다,넘어지다
쓰러지다,넘어지다
넣다,넣다
담그다,넣다
네덜란드,네덜란드
네팔,네팔
넥타이,넥타이
타이,넥타이
넷,넷
사,넷
년,년
해,년
노란색,노란색
황색,노란색
노랑,노랑
노랗다,노랑
누렇다,노랑
노래,노래
음악,노래
가요,노래
노려보다,노려보다
노력,노력
안간힘,노력
공들이다,노력
애쓰다,노력
힘쓰다,노력
노르웨이,노르웨이
노리다,노리다
노비,노비
노예,노비
심부름,노비
노아,노아
노약자,노약자
노인,노인
늙은이,노인
늙으신네,노인
녹두,녹두
녹색,녹색
초록,녹색
초록색,녹색
녹음기,녹음기
녹음,녹음기
레코드,녹음기
카세트,녹음기
녹차,녹차
녹화,녹화
녹음,녹화
녹취,녹화
논,논
답,논
논의,논의
상담,논의
상의,논의
의논,논의
논하다,논하다
놀다,놀다
실업,놀다
놀리다,놀리다
놀이,놀이
놀다,놀이
놀이터,놀이터
농,농
농구,농구
농담,농담
농부,농부
농군,농부
농민,농부
농사,농사
농사일,농사
농업,농사
농아,농아
농아인,농아인
농아인의 날,농아인의 날
농인,농인
농아인,농인
농장,농장
높다,높다
높이,높이
높임말,높임말
존경어,높임말
존대어,높임말
존댓말,높임말
존칭어,높임말
높임법,높임법
경어법,높임법
놓아주다,놓아주다
뇌물,뇌물
뇌물을 주다,뇌물
뇌물을 주다,뇌물을 주다
매수,뇌물을 주다
뇌사,뇌사
누구,누구
누가,누구
뉘,누구
누락,누락
빠지다,누락
누룽지,누룽지
누르다,누르다
누명,누명
누설,누설
유출,누설
누이,누이
눈(이 내리다),눈
눈감아 주다,눈감아 주다
눈길,눈길
시선,눈길
바라보다,눈길
응시하다,눈길
쳐다보다,눈길
뉘우치다,뉘우치다
뉴스,뉴스
뉴질랜드,뉴질랜드
느끼다,느끼다
느낌,느끼다
뉘앙스,느끼다
늑대,늑대
이리,늑대
늘다,늘다
늘이다,늘다
늘리다,늘다
능하다,능하다
니카라과,니카라과
ㄷ,ㄷ
다급하다,다급하다
성급하다,다급하다
조급하다,다급하다
급급하다,다급하다
바쁘다,다급하다
급조하다,다급하다
변급하다,다급하다
다니다,다니다
다단계,다단계
다람쥐,다람쥐
다르다,다르다
상이하다,다르다
딴,다르다
다물다,다물다
다섯,다섯
오,다섯
다스리다,다스리다
통치,다스리다
다오,다오
다이빙,다이빙
다정,다정
우정,다정
우애,다정
우의,다정
친목,다정
가까이하다,다정
가깝다,다정
단란하다,다정
의좋다,다정
정답다,다정
친하다,다정
친교,다정
다행,다행
닦다,닦다
단계,단계
절차,단계
차례,단계
단련,단련
수련,단련
수행,단련
연단,단련
단번에,단번에
단속,단속
단어,단어
낱말,단어
단언,단언
단위,단위
제한,단위
한계,단위
한도,단위
한정,단위
단지,단지
단짝,단짝
단체,단체
그룹,단체
모임,단체
부,단체
부분,단체
부서,단체
서클,단체
회,단체
팀,단체
동아리,단체
무리,단체
단추,단추
달다,달다
당분,달다
당,달다
달러,달러
달리기,달리기
달리다,달리기
뛰다,달리기
달아오르다,달아오르다
달인,달인
달하다,달하다
도달,달하다
닭,닭
닮다,닮다
모사,닮다
베끼다,닮다
본뜨다,닮다
모방하다,닮다
담그다,담그다
잠기다,담그다
담당자,담당자
책임자,담당자
담배,담배
흡연,담배
답,답
대답,답
답답하다,답답하다
갑갑하다,답답하다
닷새,닷새
당구,당구
당근,당근
홍당무,당근
당기다,당기다
활,당기다
쏘다,당기다
당나귀,당나귀
나귀,당나귀
당뇨병,당뇨병
당뇨,당뇨병
당부,당부
부탁,당부
요청,당부
청하다,당부
요구,당부
당사자,당사자
본인,당사자
당사자,당사자
본인,당사자
당선자,당선자
당선인,당선자
당신,당신
당연하다,당연하다
마땅하다,당연하다
응당하다,당연하다
당연하다,당연하다
물론,당연하다
당하다,당하다
당황,당황
닿다,닿다
밀착,닿다
붙다,닿다
붙이다,닿다
대,대
대가,대가
대결,대결
대립,대결
대구,대구
대구시,대구
대궐,대궐
고궁,대궐
궁,대궐
궁궐,대궐
궁전,대궐
대나무,대나무
대다수,대다수
대부분,대다수
주로,대다수
대답,대답
답,대답
대들다,대들다
대략,대략
대강,대략
대충,대략
약,대략
대령,대령
대리,대리
대신,대리
대치,대리
대체,대리
전환,대리
바꾸다,대리
대리인,대리인
대립,대립
대치,대립
대머리,대머리
대명사,대명사
대법원,대법원
대비,대비
상왕비,대비
대비,대비
예비,대비
대위,대위
대응,대응
맞추다¹,대응
대인,대인
대장,대장
대전,대전
대전시,대전
대추,대추
대출금,대출금
대부금,대출금
대통령,대통령
대표,대표
대피,대피
도망,대피
도주,대피
도피,대피
줄행랑,대피
탈출,대피
내빼다,대피
달아나다,대피
도망가다,대피
도망치다,대피
빠져나가다,대피
대학,대학
대학교,대학
대학교,대학교
대학,대학교
대학생,대학생
대학원,대학원
대한민국,대한민국
한국,대한민국
대항하다,대항하다
대화,대화
대담,대화
대회,대회
대회,대회
회,대회
더,더
게다가,더
더구나,더
추가,더
더욱,더
더군다나,더
더러,더러
드물다,더러
더럽다,더럽다
때,더럽다
불결,더럽다
지저분하다,더럽다
더미,더미
무궁무진,더미
무진장,더미
산더미,더미
더하기,더하기
플러스,더하기
보태기,더하기
던지다,던지다
투수,던지다
데려가다,데려가다
안내,데려가다
인도,데려가다
인솔,데려가다
데리다,데려가다
이끌다,데려가다
데려오다,데려오다
덴마크,덴마크
도깨비,도깨비
도령,도령
총각,도령
도로,도로
길,도로
도맡다,도맡다
쓰다,도맡다
도미니카,도미니카
도배,도배
도살,도살
살육,도살
도서관,도서관
도시,도시
도회,도시
도회지,도시
도시,도시
도회,도시
시,도시
도시락,도시락
도우미,도우미
도의,도의
예의,도의
에티켓,도의
도입,도입
도장,도장
스탬프,도장
인,도장
인장,도장
도착,도착
당도,도착
닿다,도착
이르다,도착
도달,도착
도토리,도토리
독,독
독하다,독
독감,독감
독도,독도
독립문,독립문
독일,독일
독자,독자
외동아들,독자
외아들,독자
독재,독재
돈벌이,돈벌이
돋보기,돋보기
확대경,돋보기
돌다,돌다
미치다,돌다
돌려주다,돌려주다
반납,돌려주다
반려,돌려주다
반환,돌려주다
상환,돌려주다
돌보다,돌보다
보살피다,돌보다
보살핌,돌보다
돌아서다,돌아서다
돌아서다,돌아서다
갈다,돌아서다
교체하다,돌아서다
대체하다,돌아서다
돌연,돌연
홀연,돌연
돌잔치,돌잔치
돌출,돌출
돌파,돌파
돕다,돕다
거들다,돕다
기여,돕다
도움,돕다
보조,돕다
원조,돕다
지원,돕다
찬조,돕다
동갑,동갑
동년,동갑
동년배,동갑
동거,동거
동거인,동거인
동결,동결
얼다,동결
동경,동경
도쿄,동경
동기,동기
동창,동기
동창생,동기
동남아시아,동남아시아
동네,동네
마을,동네
동대문,동대문
동맹,동맹
동메달,동메달
동물원,동물원
동반자,동반자
동사,동사
동사무소,동사무소
동주민센터,동사무소
동생,동생
동시,동시
동아시아,동아시아
동안,동안
사이,동안
기간,동안
동양,동양
동요,동요
흔들다,동요
동전,동전
주화,동전
동족,동족
동쪽,동쪽
동,동쪽
동녘,동쪽
동방,동쪽
동해,동해
동행,동행
동반,동행
돼지,돼지
돼지고기,돼지고기
되다,되다
되돌아가다,되돌아가다
돌아가다,되돌아가다
되돌아오다,되돌아오다
돌아오다,되돌아오다
귀환,되돌아오다
되풀이,되풀이
된소리,된소리
경음,된소리
된장,된장
된장찌개,된장찌개
두 사람,두 사람
두근거리다,두근거리다
불안,두근거리다
설레다,두근거리다
울렁거리다,두근거리다
조마조마하다,두근거리다
두근두근,두근거리다
두껍다,두껍다
두드러지다,두드러지다
두려움,두려움
두부,두부
두절,두절
끊어지다,두절
두통,두통
둘 중 어느 것,둘 중 어느 것
둘,둘
이,둘
둘러대다,둘러대다
둘째,둘째
두 번째,둘째
뒤따르다,뒤따르다
수행,뒤따르다
따라가다,뒤따르다
따르다,뒤따르다
좇다,뒤따르다
쫓다,뒤따르다
쫓아가다,뒤따르다
뒤떨어지다,뒤떨어지다
뒤지다,뒤떨어지다
뒤엎다,뒤엎다
뒤집어엎다,뒤엎다
그러나,뒤엎다
그런데,뒤엎다
그렇지만,뒤엎다
하지만,뒤엎다
뒤적이다,뒤적이다
들추다,뒤적이다
캐다,뒤적이다
뒤쪽,뒤쪽
뒷머리,뒤쪽
후방,뒤쪽
드라마,드라마
드러눕다,드러눕다
누이다,드러눕다
눕다,드러눕다
눕히다,드러눕다
드럼,드럼
드레스,드레스
득하다,득하다
획득,득하다
든지,든지
든가,든지
듣다,듣다
소리,듣다
소식,듣다
청각,듣다
들,들
여러,들
여러가지,들
들다,들다
들어가다,들어가다
방문하다,들어가다
입장,들어가다
들이쉬다,들이쉬다
들키다,들키다
발각,들키다
들키다,들키다
탄로,들키다
듯하다,듯하다
듯싶다,듯하다
등기,등기
등대,등대
광탑,등대
등록비,등록비
등산,등산
등산가,등산가
산악인,등산가
등호,등호
등표,등호
디자이너,디자이너
도안자,디자이너
설계사,디자이너
디지털,디지털
ㄸ,ㄸ
따귀,따귀
따돌리다,따돌리다
따라다니다,따라다니다
따로,따로
분리하다,따로
따르다,따르다
딱 맞다,딱 맞다
딸기,딸기
땅,땅
육지,땅
토지,땅
땅콩,땅콩
때,때
경우,때
시기,때
시대,때
시절,때
무렵,때
즈음,때
때리다,때리다
때리다,때리다
손찌검,때리다
패다,때리다
후려치다,때리다
때문,때문
바람,때문
탓,때문
말미암다,때문
인하다,때문
-니까,때문
떠나갔다,떠나갔다
떠나다,떠나다
송별,떠나다
이별,떠나다
작별,떠나다
헤어지다,떠나다
떠들다,떠들다
떠맡다,떠맡다
떡,떡
떡국,떡국
떨다,떨다
떨리다,떨다
떨림,떨다
또,또
그리고,또
다시,또
똑같다,똑같다
같다,똑같다
동일하다,똑같다
똑똑하다,똑똑하다
영리하다,똑똑하다
똥,똥
대변,똥
뚱뚱이,뚱뚱이
뚱뚱보,뚱뚱이
뚱보,뚱뚱이
뚱땡이,뚱뚱이
뚱뚱하다,뚱뚱하다
비대,뚱뚱하다
살찌다,뚱뚱하다
뛰다,뛰다
뛰어나다,뛰어나다
뜨개질,뜨개질
뜨겁다,뜨겁다
화끈,뜨겁다
뜨다,뜨다
개안,뜨다
뜨다,뜨다
동,뜨다
해돋이,뜨다
뜻밖에,뜻밖에
뜻밖에,뜻밖에
의외,뜻밖에
띄다,띄다
뜨이다,띄다
띠,띠
띵하다,띵하다
ㄹ,ㄹ
ㄹ 리 없다,ㄹ 리 없다
라디오,라디오
라면,라면
라이벌,라이벌
맞수,라이벌
러시아,러시아
럭비,럭비
런던,런던
레몬,레몬
레바논,레바논
레슬링,레슬링
레즈비언,레즈비언
로그인,로그인
로또 복권,로또 복권
로마,로마
루마니아,루마니아
룩셈부르크,룩셈부르크
리,리
리더,리더
지도자,리더
리모컨,리모컨
리비아,리비아
리투아니아,리투아니아
ㅁ,ㅁ
마누라,마누라
미시즈,마누라
배우자,마누라
부인,마누라
아내,마누라
처,마누라
마늘,마늘
마다,마다
마라톤,마라톤
마르다,마르다
야위다,마르다
여위다,마르다
수척하다,마르다
마리아,마리아
마리아,마리아
성모마리아,마리아
마비,마비
마술,마술
요술,마술
마스크,마스크
마시다,마시다
마약,마약
아편,마약
중독,마약
탐닉,마약
마음,마음
심리,마음
심정,마음
마음에 들다,마음에 들다
마이너스,마이너스
감표,마이너스
덜기,마이너스
빼기,마이너스
빼기표,마이너스
뺄셈표,마이너스
뺄셈 부호,마이너스
마이크,마이크
마이크로폰,마이크
마저,마저
마주 보다,마주 보다
마주치다,마주치다
마중,마중
마지못하다,마지못하다
무릅쓰다,마지못하다
불구하다,마지못하다
마찬가지,마찬가지
같다,마찬가지
동일,마찬가지
맞다,마찬가지
동,마찬가지
똑같다,마찬가지
마찬가지,마찬가지
피장파장,마찬가지
매일반,마찬가지
매한가지,마찬가지
마치,마치
척하다,마치
체하다,마치
처럼,마치
마침,마침
딱 맞다,마침
알맞다,마침
마카오,마카오
마케도니아,마케도니아
막걸리,막걸리
막내딸,막내딸
막내,막내딸
막내아들,막내아들
막내,막내아들
막다,막다
막히다,막다
먹다,막다
만,만
만,만
뿐,만
다만,만
단지,만
오로지,만
오직,만
한낱,만
만나다,만나다
만두,만두
만인,만인
만점,만점
만족,만족
여유,만족
자신,만족
충족,만족
넉넉하다,만족
늠름하다,만족
당당하다,만족
떳떳하다,만족
충분하다,만족
푸짐하다,만족
풍부하다,만족
듬뿍,만족
실컷,만족
만큼,만큼
어치,만큼
정도,만큼
-쯤,만큼
만화,만화
만화가,만화가
만화책,만화책
많다,많다
흔하다,많다
맏며느리,맏며느리
맏아들,맏아들
장남,맏아들
말,말
말하다,말
언어,말
말,말
승마,말
말다툼,말다툼
언쟁,말다툼
말싸움,말다툼
설전,말다툼
입씨름,말다툼
말레이시아,말레이시아
말리다,말리다
말실수,말실수
실언,말실수
실구,말실수
실어,말실수
말실수,말실수
실언,말실수
실구,말실수
실어,말실수
말썽,말썽
말씀,말씀
말없다,말없다
묵묵하다,말없다
침묵,말없다
함구,말없다
말을 바꾸다,말을 바꾸다
맛없다,맛없다
망각,망각
잊다,망각
잊어버리다,망각
망설이다,망설이다
주저,망설이다
머무적거리다,망설이다
머뭇거리다,망설이다
서슴다,망설이다
망신(을 당하다),망신
망신,망신
체면을 구기다,망신
망치,망치
망하다,망하다
도산,망하다
파산,망하다
망치다,망하다
망하다,망하다
멸망,망하다
붕괴,망하다
쇠망,망하다
무너지다,망하다
부서지다,망하다
허물어지다,망하다
헐다,망하다
맞다,맞다
딱,맞다
맞바꾸다,맞바꾸다
교환하다,맞바꾸다
바꾸다,맞바꾸다
맞벌이,맞벌이
맞선,맞선
맞지 않다,맞지 않다
어울리지 않다,맞지 않다
적합하지 않다,맞지 않다
조화롭지 않다,맞지 않다
맞지 않다,맞지 않다
적합하지 않다,맞지 않다
맡기다,맡기다
소장,맡기다
놓다,맡기다
놓아두다,맡기다
두다,맡기다
맡기다,맡기다
임명,맡기다
매,매
매니큐어,매니큐어
매미,매미
매음녀,매음녀
매춘부,매음녀
창녀,매음녀
매일,매일
매장,매장
매주,매주
매진,매진
고갈,매진
소모,매진
동나다,매진
매진되다,매진
바닥나다,매진
없애다,매진
다 팔리다,매진
매출액,매출액
매표소,매표소
매혹,매혹
매력,매혹
맥박,맥박
맥,맥박
맥없다,맥없다
맥주,맥주
맨몸,맨몸
가진 것이 없다,맨몸
맵다,맵다
맵시,맵시
태,맵시
맹세,맹세
맹서,맹세
맹학교,맹학교
맹인학교,맹학교
머리,머리
뇌,머리
두뇌,머리
머리카락,머리카락
모발,머리카락
두발,머리카락
머리털,머리카락
머리핀,머리핀
머무르다,머무르다
존재,머무르다
체류,머무르다
계시다,머무르다
묵다,머무르다
먹,먹
먹을 갈다,먹
먹구름,먹구름
먹장구름,먹구름
먹다,먹다
식사,먹다
먹이다,먹이다
먼데,먼데
먼 곳,먼데
먼동,먼동
먼지,먼지
티끌,먼지
멀다,멀다
멀리,멀다
멀리하다,멀리하다
멀미,멀미
메스껍다,멀미
멋쟁이,멋쟁이
멋지다,멋지다
멋,멋지다
멍,멍
멍들다,멍
멍청이,멍청이
멍청하다,멍청이
멍청하다,멍청하다
생각 없다,멍청하다
멍하다,멍하다
멍하니,멍하다
메기,메기
메뉴,메뉴
차림표,메뉴
메달,메달
멕시코,멕시코
멧돼지,멧돼지
산돼지,멧돼지
며느리,며느리
아가,며느리
자부,며느리
며칠,며칠
면도,면도
면목(이) 없다,면목 없다
비겁하다,면목 없다
면세,면세
면역,면역
면접,면접
멸치,멸치
명동,명동
명령,명령
분부,명령
명사,명사
명소,명소
명예,명예
명예 훼손,명예 훼손
명인,명인
명찰,명찰
명함,명함
명확하다,명확하다
정확,명확하다
똑똑하다,명확하다
뚜렷하다,명확하다
명료하다,명확하다
명백하다,명확하다
분명하다,명확하다
선명하다,명확하다
확실하다,명확하다
단연,명확하다
역력하다,명확하다
장장하다,명확하다
틀림없이,명확하다
모금,모금
모금,모금
수금,모금
헌금,모금
모기,모기
모독,모독
모두,모두
온통,모두
전부,모두
전체,모두
제반,모두
모든,모두
온,모두
다,모두
모조리,모두
몽땅,모두
죄다,모두
모래,모래
모레,모레
내일모레,모레
이틀,모레
이틀후,모레
모로코,모로코
모르는 척하다,모르는 척하다
시치미떼다,모르는 척하다
모르다,모르다
모르몬교,모르몬교
모범생,모범생
모세,모세
모순,모순
모습,모습
꼴,모습
모양,모습
상태,모습
상황,모습
장면,모습
형상,모습
형용,모습
형태,모습
모욕,모욕
모자(관계),모자
모자라다,모자라다
결손,모자라다
결핍,모자라다
부족,모자라다
모자람,모자라다
목,목
목격,목격
목공,목공
목록,목록
식순,목록
순서,목록
안건,목록
목메다,목메다
목사,목사
목소리,목소리
음성,목소리
발음,목소리
목청,목소리
언성,목소리
부르다,목소리
목수,목수
목공,목수
목요일,목요일
목욕,목욕
목욕탕,목욕탕
목자,목자
목적,목적
목적지,목적지
목탁,목탁
몰려가다,몰려가다
몰려들다,몰려가다
쇄도,몰려가다
몰아치다,몰아치다
몰염치,몰염치
몸동작,몸동작
몸가짐,몸동작
처신,몸동작
태도,몸동작
몸부림,몸부림
발버둥질,몸부림
몸살,몸살
몸짓,몸짓
못생기다,못생기다
못나다,못생기다
추하다,못생기다
밉다,못생기다
못하다,못하다
할 수 없다,못하다
몽골,몽골
묘사,묘사
묘지,묘지
무덤,묘지
무,무
무겁다,무겁다
부담,무겁다
부담감,무겁다
짐,무겁다
무게,무게
중량,무게
무관심,무관심
내외,무관심
외면,무관심
무궁화,무궁화
무너지다,무너지다
내려앉다,무너지다
무능력,무능력
무자격,무능력
무당,무당
무뚝뚝하다,무뚝뚝하다
무례,무례
무리,무리
억지로,무리
제재,무리
무미건조,무미건조
무사,무사
무고,무사
무상,무상
무선,무선
전기,무선
전자,무선
무섭다,무섭다
겁,무섭다
겁나다,무섭다
두려워하다,무섭다
두렵다,무섭다
무쇠,무쇠
쇠,무쇠
철,무쇠
무식,무식
무지,무식
무심,무심
무안,무안
무어냐,무어냐
무역,무역
무용수,무용수
무용가,무용수
무의미,무의미
무조건,무조건
무작정,무조건
무조건,무조건
봐주지 않다,무조건
넘어가지 않다,무조건
무지개,무지개
무찌르다,무찌르다
무치다,무치다
무한,무한
무효,무효
묵도,묵도
묵직하다,묵직하다
무겁다,묵직하다
묶다,묶다
매듭,묶다
문득,문득
언뜻,문득
문란,문란
교란,문란
짬뽕,문란
혼합,문란
섞다,문란
소동,문란
문법,문법
문어,문어
문의,문의
물음,문의
질문,문의
묻다,문의
물어보다,문의
여쭈다,문의
여쭙다,문의
-ㅂ니까,문의
문인,문인
문자,문자
글자,문자
문제,문제
문화,문화
문,문화
문화재,문화재
문화체육관광부,문화체육관광부
물,물
물가,물가
가격,물가
물건,물건
상품,물건
물들다,물들다
젖다,물들다
적시다,물들다
스미다,물들다
스며들다,물들다
묻다,물들다
물러나다,물러나다
물약,물약
물음표,물음표
미지수,물음표
설마,물음표
뭉치다,뭉치다
단결,뭉치다
단합,뭉치다
미-,미-
미처,미-
아직,미-
미국,미국
미군,미군
미국군,미군
미끄러지다,미끄러지다
미남,미남
미남자,미남
미녀,미녀
미인,미녀
미니스커트,미니스커트
미달,미달
미래,미래
다음,미래
앞날,미래
앞길,미래
장래,미래
장차,미래
향후,미래
미련,미련
어리석다,미련
미리,미리
미미하다,미미하다
미사,미사
미성년자,미성년자
미소,미소
미수,미수
미수연,미수연
미숙하다,미숙하다
미싱,미싱
봉제,미싱
재봉,미싱
미안,미안
미얀마,미얀마
미용,미용
미용사,미용사
미용실,미용실
미용원,미용실
미장원,미용실
미움,미움
미워하다,미움
밉다,미움
얄밉다,미움
미장,미장
미장공,미장공
미장이,미장공
미장쟁이,미장공
미치광이,미치광이
미치다,미치다
미터,미터
미흡,미흡
민주,민주
믿다,믿다
믿음,믿다
신뢰,믿다
신용,믿다
밀리미터,밀리미터
밀리,밀리미터
밀접하다,밀접하다
밑지다,밑지다
ㅂ,ㅂ
-ㅂ니다,#NAME?
-습니다,#NAME?
-ㅂ시다,#NAME?
-자,#NAME?
바깥,바깥
바나나,바나나
바느질,바느질
꿰매다,바느질
침선,바느질
바늘,바늘
바닥,바닥
바닥나다,바닥나다
비다,바닥나다
비우다,바닥나다
바둑,바둑
바람(을) 피우다,바람 피우다
바람,바람
바람이 불다,바람
가을,바람
불다,바람
바람나다,바람나다
바람,바람나다
바로,바로
바르다,바르다
바른 정신이 아니다,바른 정신이 아니다
바보,바보
천치,바보
바쁘다,바쁘다
분주하다,바쁘다
바지,바지
바캉스,바캉스
피서,바캉스
여름휴가,바캉스
바티칸시,바티칸시
박사,박사
박수,박수
박자,박수
손뼉,박수
박씨,박씨
박학,박학
유식,박학
박해,박해
짓밟다,박해
밖에,밖에
반,반
학급,반
반대,반대
반대,반대
반하다,반대
반-,반대
반대쪽,반대쪽
반려,반려
짝,반려
함께,반려
과,반려
쌍,반려
반발,반발
반항,반발
불복,반발
불순종,반발
저항,반발
어기다,반발
반복,반복
거듭,반복
수시로,반복
자꾸,반복
자주,반복
잦다,반복
여러 번,반복
연거푸,반복
반성,반성
반신반의,반신반의
반역자,반역자
역적,반역자
반장,반장
급장,반장
반짝,반짝
반짝이다,반짝
반찬,반찬
반창고,반창고
받다,받다
받다,받다
얻다,받다
타다,받다
받아라,받아라
발개지다,발개지다
붉히다,발개지다
발걸음,발걸음
발자국,발걸음
밟다,발걸음
걸음,발걸음
발견,발견
발군,발군
빼어나다,발군
발레,발레
발생,발생
생성,발생
나다,발생
나오다,발생
돋다,발생
생기다,발생
솟다,발생
트다,발생
발송,발송
보내다,발송
(편지 등을)부치다,발송
발신,발신
송신,발신
전보,발신
전신,발신
발전,발전
발전,발전
발달,발전
번영,발전
진흥,발전
향상,발전
발전소,발전소
발표,발표
광고,발표
표시,발표
표현,발표
나타내다,발표
드러내다,발표
밝히다,밝히다
밤,밤
어둡다,밤
껌껌하다,밤
어둠,밤
깜깜하다,밤
캄캄하다,밤
밤새다,밤새다
밤색,밤색
칡,밤색
방,방
방관,방관
방임,방관
내버리다,방관
방치,방관
방귀,방귀
방글라데시,방글라데시
방금,방금
방재,방금
방뇨,방뇨
소변,방뇨
오줌,방뇨
방문,방문
방문자,방문자
방법,방법
요령,방법
방식,방법
방송,방송
방송국,방송국
방심,방심
부주의,방심
방어,방어
방지,방어
수비,방어
막다,방어
저지,방어
거절,방어
차단,방어
방학,방학
밭,밭
배,배
갑절,배
곱,배
곱절,배
배,배
선박,배
선척,배
배구,배구
배급소,배급소
배낭,배낭
배다,배다
배달,배달
배달,배달
배송,배달
배드민턴,배드민턴
배반,배반
배부,배부
배부르다,배부르다
배부르다,배부르다
부르다,배부르다
배신(당하다),배신
배신(하다),배신
배우,배우
연기자,배우
배우다,배우다
배짱,배짱
배추,배추
배탈,배탈
배회,배회
방황,배회
돌아다니다,배회
헤매다,배회
배후,배후
백,백
일백,백
백,백
하양,백
하얗다,백
허옇다,백
희다,백
백색,백
흰색,백
치아,백
이,백
이빨,백
백두산,백두산
장백산,백두산
백만,백만
백모,백모
큰어머니,백모
백부,백부
큰아버지,백부
백색,백색
흰색,백색
하얀색,백색
백일,백일
백날,백일
백점,백점
백제,백제
백조,백조
백지,백지
용지,백지
종이,백지
백혈병,백혈병
백화,백화
백화점,백화점
뱀,뱀
뱃사람,뱃사람
선원,뱃사람
뱉다,뱉다
침,뱉다
타액,뱉다
버리다,버리다
폐기,버리다
폐하다,버리다
버섯,버섯
버스,버스
버튼,버튼
번민,번민
벌,벌
벌다,벌다
범인,범인
죄인,범인
범죄,범죄
죄,범죄
법,법
법규,법
법률,법
법칙,법
법무,법무
법원,법원
재판소,법원
법정,법정
재판정,법정
베네수엘라,베네수엘라
베드로,베드로
베트남,베트남
벨기에,벨기에
벼락,벼락
벽,벽
벽돌,벽돌
변덕스럽다,변덕스럽다
변덕,변덕스럽다
변명,변명
변하다,변하다
변질,변하다
변화,변하다
변환,변하다
돌아서다,변하다
변호사,변호사
별,별
별로,별로
그다지,별로
별세,별세
타계,별세
병가,병가
병동,병동
병석,병석
병상,병석
병원,병원
병원,병원
의원,병원
병자,병자
환자,병자
병장,병장
보건소,보건소
보고,보고
아뢰다,보고
보고서,보고서
보고서,보고서
보관,보관
보관소,보관소
보내다,보내다
보내다,보내다
파견,보내다
보다,보다
보다,보다
시각,보다
보도,보도
보따리,보따리
짐,보따리
자루,보따리
보라,보라
보라색,보라
보람,보람
보류,보류
유보,보류
보름,보름
보름날,보름
삼오,보름
보리쌀,보리쌀
보리,보리쌀
보물,보물
보석,보물
보화,보물
보상금,보상금
배상금,보상금
보석상,보석상
보수 교육,보수 교육
보수,보수
수리,보수
수선,보수
보았다,보았다
보약,보약
보이다,보이다
(현상을)보다,보이다
보자기,보자기
보조 공학 기기,보조 공학 기기
보조견,보조견
보증,보증
보장,보증
보증금,보증금
보지,보지
음부,보지
치부,보지
보청기,보청기
보행자,보행자
보험료,보험료
보험금,보험료
보호,보호
보호 수당,보호 수당
보호자,보호자
복구,복구
복권,복권
복귀,복귀
환원,복귀
되돌리다,복귀
그대로,복귀
복부,복부
복사,복사
카피,복사
복사,복사
카피,복사
복사기,복사기
복수,복수
원수,복수
적,복수
복숭아,복숭아
복습,복습
복잡하다,복잡하다
만원,복잡하다
혼잡,복잡하다
붐비다,복잡하다
복잡하다,복잡하다
산만하다,복잡하다
복종,복종
순응,복종
순종,복종
복지 시설,복지 시설
복지 카드,복지 카드
복지,복지
복리,복지
복지재단,복지재단
복직,복직
복임,복직
복판,복판
가운데,복판
중심,복판
한가운데,복판
볶다,볶다
본 적 없다,본 적 없다
본부,본부
본인,본인
본질,본질
본성,본질
근성,본질
부성,본질
부질,본질
본바탕,본질
성근,본질
솔성,본질
천질,본질
체성,본질
품성,본질
품질,본질
볼리비아,볼리비아
볼링,볼링
볼펜,볼펜
펜,볼펜
봄,봄
양중,봄
봉급생활자,봉급생활자
봉급자,봉급생활자
샐러리맨,봉급생활자
봉사,봉사
공양,봉사
기증,봉사
제출,봉사
드리다,봉사
바치다,봉사
부끄럽다,부끄럽다
부끄러움,부끄럽다
수줍다,부끄럽다
수치,부끄럽다
창피,부끄럽다
부대,부대
부두,부두
항구,부두
항,부두
부드럽다,부드럽다
스펀지,부드럽다
말랑하다,부드럽다
무르다,부드럽다
물렁하다,부드럽다
보드랍다,부드럽다
유연하다,부드럽다
물렁물렁,부드럽다
말랑거리다,부드럽다
말랑대다,부드럽다
부딪히다,부딪히다
부랴부랴,부랴부랴
허겁지겁,부랴부랴
허둥거리다,부랴부랴
 허둥대다,부랴부랴
부러지다,부러지다
고장나다,부러지다
부럽다,부럽다
부르다,부르다
소환,부르다
호출,부르다
부모님,부모님
부모,부모님
양친,부모님
어버이,부모님
부반장,부반장
부부,부부
내외,부부
부처,부부
부산,부산
부산시,부산
부속,부속
부아,부아
부엌,부엌
부여,부여
부유,부유
부인,부인
부자,부자
자산가,부자
재산가,부자
부장,부장
대장,부장
부정,부정
부진,부진
퇴보,부진
퇴화,부진
하강,부진
하락,부진
후퇴,부진
부채,부채
부처,부처
부처님,부처님
부추기다,부추기다
부채질,부추기다
추키다,부추기다
부터,부터
이래,부터
부피,부피
양,부피
용적,부피
체적,부피
부하,부하
수하,부하
부활절,부활절
부회장,부회장
부회장,부회장
북녘,북녘
북쪽,북녘
북,북녘
북방,북녘
북측,북녘
북아일랜드,북아일랜드
북어,북어
명태,북어
건태,북어
북한,북한
이북,북한
분,분
사람,분
분리,분리
분석,분석
해석,분석
분수,분수
분열,분열
갈라지다,분열
분위기,분위기
분필,분필
백묵,분필
분하다,분하다
분홍,분홍
분홍색,분홍
핑크,분홍
핑크색,분홍
불,불
불타다,불
불길,불
불꽃,불
타다,불
활활,불
활활타다,불
불가능,불가능
불능,불가능
불가리아,불가리아
불경,불경
불고기,불고기
불교,불교
불구,불구
장애,불구
불국사,불국사
불면,불면
불법,불법
불상,불상
불쌍하다,불쌍하다
가련하다,불쌍하다
가엾다,불쌍하다
애처롭다,불쌍하다
측은하다,불쌍하다
자비,불쌍하다
불어,불어
프랑스어,불어
불평,불평
불필요,불필요
불합격,불합격
낙제,불합격
지다,불합격
불행,불행
불허,불허
불화,불화
붓다,붓다
부풀다,붓다
부풀리다,붓다
부어있다,붓다
붕대,붕대
붙들다,붙들다
검거,붙들다
붙잡다,붙들다
잡다,붙들다
브라질,브라질
브래지어,브래지어
브라,브래지어
비,비
강우,비
비가 내리다,비
비교,비교
견주다,비교
대조,비교
비교,비교
비례,비교
견주다,비교
대다,비교
비누,비누
세제,비누
비닐,비닐
플라스틱,비닐
비닐하우스,비닐하우스
비닐온실,비닐하우스
비다,비다
비디오,비디오
비리,비리
부정,비리
비밀,비밀
비법,비법
비결,비법
비서,비서
비싸다,비싸다
비용,비용
경비,비용
-비,비용
용돈,비용
비유,비유
보기,비유
비율,비율
백분율,비율
퍼센트,비율
성향,비율
비자,비자
비전,비전
비정,비정
비지땀,비지땀
땀,비지땀
땀방울,비지땀
빈민,빈민
빈틈없다,빈틈없다
완벽,빈틈없다
빌딩,빌딩
빗다,빗다
빗자루,빗자루
비,빗자루
쓸다,빗자루
빚,빚
빚지다,빚
부채,빚
빛나다,빛나다
ㅃ,ㅃ
빨강,빨강
빨갛다,빨강
적자,빨강
적색,빨강
빨래터,빨래터
빵,빵
빵집,빵집
빼다,빼다
깎다,빼다
덜다,빼다
제하다,빼다
배제,빼다
감면,빼다
빼기,빼다
제외,빼다
공제,빼다
생략,빼다
경감,빼다
빼버리다,빼버리다
빼앗기다,빼앗기다
뻐기다,뻐기다
뻔뻔하다,뻔뻔하다
뻔하다,뻔하다
뼈,뼈
뽀뽀,뽀뽀
입맞춤,뽀뽀
키스,뽀뽀
맞추다,뽀뽀
뽑다,뽑다
당선,뽑다
입선,뽑다
선출,뽑다
뿌리다,뿌리다
뿌리치다,뿌리치다
삐다,삐다
ㅅ,ㅅ
사격,사격
사과,사과
사관,사관
장교,사관
사기,사기
기만,사기
사기꾼,사기꾼
사냥꾼,사냥꾼
수렵꾼,사냥꾼
사람,사람
인간,사람
분,사람
이,사람
자,사람
-민,사람
사랑,사랑
-애,사랑
사령관,사령관
사립,사립
사면,사면
사무,사무
사무소,사무소
사무실,사무실
서무실,사무실
사무원,사무원
사무직원,사무원
사무직,사무직
사병,사병
사슴,사슴
순록,사슴
사신,사신
사실,사실
정말,사실
진짜,사실
참,사실
맞다,사실
정말로,사실
사십,사십
마흔,사십
사업,사업
비즈니스,사업
사용,사용
소비,사용
쓰다,사용
이용,사용
사용자,사용자
소비자,사용자
컨슈머,사용자
사우나,사우나
사우디아라비아,사우디아라비아
사월,사월
사위,사위
사육사,사육사
사이다,사이다
사정,사정
정액,사정
사진 전공자,사진 전공자
사진,사진
찍다,사진
사진기,사진기
찍다,사진기
카메라,사진기
사진사,사진사
사촌,사촌
사춘기,사춘기
청춘기,사춘기
사탕,사탕
알사탕,사탕
캔디,사탕
사형,사형
극형,사형
사회,사회
사회자,사회자
사회,사회자
사흘,사흘
삭제,삭제
고무,삭제
고무지우개,삭제
지우다,삭제
삯,삯
품삯,삯
수고비,삯
수수료,삯
산,산
메,산
뫼,산
산소,산소
뫼,산소
묘,산소
묘소,산소
무덤,산소
산수,산수
산악,산악
산화,산화
희생,산화
살다,살다
삶,살다
생활,살다
살리다,살리다
소생,살리다
회생,살리다
살아남다,살아남다
살인,살인
살해,살인
살인범,살인범
살해범,살인범
살찌다,살찌다
삼,삼
셋,삼
삼,삼
인삼,삼
삼겹살,삼겹살
삼십,삼십
서른,삼십
삼월,삼월
삼일절,삼일절
삼촌,삼촌
삼키다,삼키다
상류,상류
선배,상류
위,상류
이상,상류
상사,상사
상승,상승
상식,상식
상어,상어
상자,상자
박스,상자
상하다,상하다
다치다,상하다
부상,상하다
상처,상하다
손상,상하다
새,새
새아버지,새아버지
새어머니,새어머니
새우,새우
새우다,새우다
철야,새우다
밤샘,새우다
밤새우다,새우다
새치기,새치기
옆치기,새치기
새해,새해
신년,새해
색깔,색깔
빛깔,색깔
색,색깔
색상,색깔
색채,색깔
컬러,색깔
색칠,색칠
칠,색칠
도색,색칠
샘,샘
샘내다,샘
시기,샘
질투,샘
생각,생각
견해,생각
사고,생각
신경,생각
의견,생각
의사,생각
의식,생각
여기다,생각
생강,생강
생도,생도
사관생도,생도
사관,생도
사관생,생도
생선회,생선회
생신,생신
생일,생신
생일날,생신
생존,생존
생활비,생활비
생계비,생활비
서대문,서대문
서대문,서대문
돈의문,서대문
서두르다,서두르다
긴급,서두르다
독촉,서두르다
재촉,서두르다
응급,서두르다
급하다,서두르다
시급하다,서두르다
서로,서로
상호,서로
서류,서류
문서,서류
서양,서양
서예,서예
붓글씨,서예
붓글,서예
서운하다,서운하다
섭섭하다,서운하다
안타깝다,서운하다
애석,서운하다
애타다,서운하다
서울,서울
서울시,서울
서울역,서울역
서자,서자
서점,서점
책방,서점
서쪽,서쪽
서,서쪽
서녘,서쪽
서방,서쪽
서해,서해
석두,석두
돌머리,석두
석방,석방
방면,석방
석사,석사
석유,석유
기름,석유
석탄,석탄
선,선
라인,선
선거,선거
선교사,선교사
선구자,선구자
선동자,선동자
선두,선두
앞서다,선두
앞장,선두
선물,선물
선비,선비
학자,선비
선서,선서
선수,선수
선수를 치다,선수를 치다
손쓰다,선수를 치다
할까봐,선수를 치다
선수촌,선수촌
선언,선언
천명,선언
선전,선전
선조,선조
조상,선조
선택,선택
뽑다,선택
선발,선택
선출,선택
택하다,선택
설,설
설날,설
설거지,설거지
설계,설계
설계사,설계사
설렁탕,설렁탕
설명,설명
설사,설사
설악산,설악산
섬,섬
섬기다,섬기다
존경,섬기다
-님,섬기다
성,성
음란,성
성격,성격
-성,성격
성미,성격
성질,성격
질,성격
성결,성결
성경,성경
성공,성공
성교,성교
성행위,성교
성금,성금
성냥,성냥
성당,성당
성도,성도
성배,성배
성병,성병
성스럽다,성스럽다
거룩하다,성스럽다
성악가,성악가
성인,성인
성인,성인
어른,성인
어르신,성인
성직,성직
성직자,성직자
성탄,성탄
성탄절,성탄
크리스마스,성탄
성폭력,성폭력
성폭행,성폭행
강간,성폭행
성품,성품
성희롱,성희롱
세계인,세계인
인류,세계인
세금,세금
조세,세금
세뇌,세뇌
세대,세대
후대,세대
대,세대
세례,세례
세로,세로
종,세로
세리,세리
세관,세리
세면,세면
세수,세면
씻다,세면
세안,세면
세면장,세면장
세면실,세면장
세미나,세미나
세배,세배
세뱃돈,세뱃돈
세상,세상
세계,세상
세월,세월
세종,세종
세차,세차
센터,센터
센티미터,센티미터
셋째,셋째
세 번째,셋째
소,소
소경,소경
맹인,소경
장님,소경
시각장애인,소경
소고기,소고기
쇠고기,소고기
쇠가죽,소고기
피혁,소고기
소극적,소극적
소금,소금
소나무,소나무
솔,소나무
소녀,소녀
소대장,소대장
소라,소라
소란,소란
소요,소란
소음,소란
야단,소란
요란,소란
시끄럽다,소란
소령,소령
소름,소름
소매,소매
소매치기,소매치기
소매치기,소매치기
소멸시효,소멸시효
소문,소문
소방서,소방서
소방수,소방수
소방원,소방수
소설,소설
소설가,소설가
소송,소송
소수점,소수점
점,소수점
소액 재판,소액 재판
소외,소외
이탈,소외
소용없다,소용없다
쓸데없다,소용없다
쓸모없다,소용없다
필요 없다,소용없다
소위(계급장),소위
소유자,소유자
소유주,소유자
소재,소재
소제,소제
청소,소제
소주,소주
소풍,소풍
소화,소화
소화기,소화기
소방,소화기
속,속
내부,속
안쪽,속
안,속
속다,속다
속도계,속도계
속어,속어
비속어,속어
손,손
맨손,손
손녀,손녀
손목시계,손목시계
시계,손목시계
손수건,손수건
손자,손자
솔직하다,솔직하다
정직,솔직하다
솜,솜
송년회,송년회
송별연,송별연
송아지,송아지
송편,송편
쇠망,쇠망
쇼크,쇼크
충격,쇼크
수,수
운,수
운명,수
운수,수
점,수
천명,수
수,수
자수,수
수갑,수갑
체포,수갑
쇠고랑,수갑
수거,수거
수고,수고
노고,수고
품,수고
수기,수기
수납,수납
보수,수납
수다,수다
늘어놓다,수다
수다스럽다,수다
수단,수단
수단,수단
수법,수단
수당,수당
수레,수레
수렴,수렴
수뢰,수뢰
뇌물을 받다,수뢰
수류탄,수류탄
수리,수리
독수리,수리
수면,수면
숙박,수면
잠,수면
기숙사,수면
자다,수면
수면제,수면제
수박,수박
수병,수병
해병,수병
수분,수분
습하다,수분
물기,수분
수비군,수비군
수비부대,수비군
수비수,수비수
수상하다,수상하다
수술,수술
수어,수어
수화,수어
수화 언어,수어
수영,수영
수영장,수영장
수요일,수요일
수원,수원
수원시,수원
수의사,수의사
수의,수의사
수익,수익
수입,수입
수재민,수재민
수저,수저
숟가락,수저
수전노,수전노
구두쇠,수전노
수제비,수제비
수증기,수증기
증기,수증기
수축,수축
수학,수학
수행원,수행원
수행인,수행원
숙모,숙모
작은어머니,숙모
숙부,숙부
작은아버지,숙부
숙소,숙소
숙청,숙청
순교,순교
순서,순서
목차,순서
순번,순서
순위,순서
절차,순서
차례,순서
프로그램,순서
술,술
알코올,술
술집,술집
주점,술집
숲,숲
녹음,숲
삼림,숲
수림,숲
수풀,숲
무성하다,숲
울창하다,숲
쉬다,쉬다
휴가,쉬다
휴게,쉬다
휴식,쉬다
휴양,쉬다
쉽다,쉽다
용이하다,쉽다
쉽사리,쉽다
손쉽다,쉽다
스님,스님
승려,스님
스리랑카,스리랑카
스웨덴,스웨덴
스웨터,스웨터
스위스,스위스
스카우트,스카우트
스칸디나비아 반도,스칸디나비아 반도
스캐너,스캐너
스케이트,스케이트
스키,스키
스타일,스타일
스타킹,스타킹
스파게티,스파게티
스페인,스페인
슬그머니,슬그머니
슬기롭다,슬기롭다
슬기,슬기롭다
지혜,슬기롭다
현명,슬기롭다
슬로바키아,슬로바키아
슬로베니아,슬로베니아
슬프다,슬프다
슬픔,슬프다
슬퍼하다,슬프다
설움,슬프다
습관,습관
버릇,습관
습기,습기
습득,습득
줍다,습득
승강기,승강기
엘리베이터,승강기
승강장,승강장
플랫폼,승강장
승급,승급
승낙,승낙
수락,승낙
승인,승낙
허가,승낙
허락,승낙
허용,승낙
승려,승려
스님,승려
승리,승리
승리하다,승리
이기다,승리
승부차기,승부차기
페널티킥,승부차기
승용차,승용차
승자,승자
승리자,승자
승진,승진
오르다,승진
승차권,승차권
차표,승차권
표,승차권
승천,승천
시가,시가
시각장애인,시각장애인
맹인,시각장애인
시간,시간
한 시간,시간
시골,시골
촌,시골
시누이,시누이
시다,시다
시댁,시댁
시집,시댁
시도,시도
해보다,시도
보이다,시도
시동생,시동생
시리아,시리아
시모,시모
시어머니,시모
시민,시민
시부모,시부모
시비,시비
시설,시설
시시하다,시시하다
시아버지,시아버지
시부,시아버지
시아주버니,시아주버니
시야,시야
시원하다,시원하다
평화,시원하다
화평,시원하다
시월,시월
시위,시위
데모,시위
시인,시인
시작,시작
개시,시작
개최,시작
거행,시작
시발,시작
착수,시작
출발,시작
열다,시작
이행,시작
하수,시작
시장,시장
장,시장
매점,시장
시청,시청
시치미를 떼다,시치미를 떼다
시키다,시키다
지시,시키다
하여금,시키다
시합,시합
경기,시합
식,식
축하,식
잔치,식
행사,식
파티,식
식당,식당
음식점,식당
식빵,식빵
식장,식장
식탁,식탁
밥상,식탁
진짓상,식탁
신경질,신경질
짜증,신경질
신고,신고
신기록,신기록
신기하다,신기하다
교묘하다,신기하다
묘하다,신기하다
오묘하다,신기하다
이상,신기하다
신나다,신나다
신도시,신도시
신라,신라
신문,신문
신문사,신문사
신부,신부
신사,신사
신선하다,신선하다
새롭다,신선하다
새,신선하다
신,신선하다
신용카드,신용카드
신의주,신의주
신중,신중
경계,신중
조심,신중
주의,신중
준수,신중
지키다,신중
신청,신청
주문,신청
신체적 장애,신체적 장애
지체장애,신체적 장애
신호등,신호등
실각,실각
실격,실격
떨어지다,실격
지다,실격
패배하다,실격
패하다,실격
실명,실명
맹,실명
실수,실수
실습,실습
실업,실업
실업자,실업자
실직자,실업자
실제,실제
실정,실제
실태,실제
현실,실제
실천,실천
실패,실패
실험(해보다),실험
싫다,싫다
거부,싫다
거절,싫다
난색,싫다
싫다,싫다
싫어하다,싫다
심다,심다
심심하다,심심하다
심장,심장
심판,심판
재판,심판
사법,심판
심호흡,심호흡
호흡,심호흡
공기,심호흡
냄새,심호흡
대기,심호흡
목숨,심호흡
생명,심호흡
수,심호흡
수명,심호흡
숨,심호흡
숨결,심호흡
숨쉬다,심호흡
십,십
열,십
십만,십만
십사,십사
열넷,십사
십삼,십삼
열셋,십삼
십육,십육
열여섯,십육
십이,십이
열둘,십이
십이월,십이월
십일월,십일월
십칠,십칠
열일곱,십칠
싱가포르,싱가포르
싱겁다,싱겁다
싶다,싶다
갈급,싶다
ㅆ,ㅆ
싸다,싸다
싸우다,싸우다
격투,싸우다
싸움,싸우다
투쟁,싸우다
쌀,쌀
쌀밥,쌀밥
쌍생아,쌍생아
쌍둥이,쌍생아
쌓다,쌓다
쌓다,쌓다
쌓이다,쌓다
쌓다,쌓다
차곡차곡,쌓다
썩 잘하다,썩 잘하다
썰매,썰매
쏘다,쏘다
대포,쏘다
발사,쏘다
포,쏘다
씨름,씨름
씩씩하다,씩씩하다
씻다,씻다
닦다,씻다
ㅇ,ㅇ
아가씨,아가씨
처녀,아가씨
아까,아까
전,아까
전에,아까
이전,아까
아깝다,아깝다
아끼다,아끼다
아나운서,아나운서
아니꼽다,아니꼽다
역겹다,아니꼽다
아니다,아니다
아니,아니다
아니다,아니다
않다,아니다
아득하다,아득하다
요연하다,아득하다
아들,아들
아래,아래
이하,아래
후배,아래
하류,아래
하,아래
밑,아래
아래다,아래다
(나이)한 살 아래,아래다
아랫사람,아랫사람
아르메니아,아르메니아
아르헨티나,아르헨티나
아름답다,아름답다
미,아름답다
아마도,아마도
아마,아마도
ㄹ 것이다,아마도
아메리카,아메리카
미국,아메리카
미합중국,아메리카
아멘,아멘
아무나,아무나
아부,아부
아첨,아부
달래다,아부
맞추다,아부
쓰다듬다,아부
어루만지다,아부
비위맞추다,아부
아빠,아빠
부,아빠
부친,아빠
아비,아빠
아버지,아빠
아시아,아시아
아이고,아이고
아이디어,아이디어
아이스케이크,아이스케이크
아이스크림,아이스크림
아이슬란드,아이슬란드
아일랜드,아일랜드
아찔하다,아찔하다
아차,아차
아카시아 꽃,아카시아 꽃
아카시아,아카시아
아까시나무,아카시아
아파트,아파트
아프리카,아프리카
아홉,아홉
구,아홉
아흔,아흔
구십,아흔
악어,악어
악인,악인
악취,악취
나쁜 냄새,악취
안 보이다,안 보이다
안개,안개
안경,안경
안과,안과
안내,안내
어서 들어오세요,안내
어서 오세요,안내
안내소,안내소
안내인,안내인
안내원,안내인
안녕,안녕
안부,안녕
안녕하세요,안녕하세요
안녕하십니까,안녕하세요
안녕히 가십시오,안녕하세요
안녕히 계세요,안녕하세요
안되다,안되다
안식처,안식처
안식소,안식처
안심,안심
안전,안심
안정,안심
안주,안주
알 수 없다,알 수 없다
이해가 안 되다,알 수 없다
아리송하다,알 수 없다
알,알
계란,알
달걀,알
알다,알다
알맞다,알맞다
적정,알맞다
적당하다,알맞다
적절하다,알맞다
알바니아,알바니아
알아듣다,알아듣다
알아보다,알아보다
알아서 하다,알아서 하다
암흑,암흑
깜깜하다,암흑
캄캄하다,암흑
압류,압류
차압,압류
압수,압수
박탈,압수
추징,압수
낚아채다,압수
빼앗다,압수
잡아채다,압수
파리,압수
앞,앞
앞쪽,앞
전면,앞
전방,앞
앞당기다,앞당기다
당기다,앞당기다
잡아당기다,앞당기다
애국자,애국자
애매하다,애매하다
가물거리다,애매하다
가물대다,애매하다
불분명하다,애매하다
막연하다,애매하다
묘연하다,애매하다
아물거리다,애매하다
흐리다,애매하다
희미하다,애매하다
모호,애매하다
불확실,애매하다
어렴풋이,애매하다
애처가,애처가
앨범,앨범
사진첩,앨범
앰뷸런스,앰뷸런스
구급차,앰뷸런스
야구,야구
타자,야구
야만인,야만인
약,약
약국,약국
약방,약국
약사,약사
약제사,약사
약자,약자
약하다,약하다
얌체,얌체
양,양
양말,양말
양보,양보
양분,양분
영양,양분
영양분,양분
자양분,양분
양식,양식
양심,양심
양어장,양어장
양장,양장
양초,양초
초,양초
양치질,양치질
양치,양치질
양파,양파
어긋나다,어긋나다
엇갈리다,어긋나다
어기다,어기다
어깨,어깨
어느,어느
무엇,어느
어떤,어느
무슨,어느
뭐,어느
아무,어느
어디,어느
어디,어디
어떻게,어떻게
어찌,어떻게
어리다,어리다
어린이,어린이
새끼,어린이
아이,어린이
어린아이,어린이
소아,어린이
어린이날,어린이날
어림없다,어림없다
어마어마하다,어마어마하다
어머,어머
어머니,어머니
모친,어머니
어미,어머니
엄마,어머니
어부,어부
어민,어부
어색하다,어색하다
어울리다,어울리다
어제,어제
어저께,어제
작일,어제
어지럽다,어지럽다
어질다,어질다
어처구니없다,어처구니없다
기막히다,어처구니없다
어이없다,어처구니없다
억울하다,어처구니없다
어휘,어휘
억,억
억류,억류
억지,억지
강제,억지
형벌,억지
징계,억지
꼬집다,억지
벌,억지
징벌,억지
언니,언니
얻어맞다,얻어맞다
얼굴,얼굴
낯,얼굴
안면,얼굴
얼떨결,얼떨결
얼결,얼떨결
얼마,얼마
몇,얼마
개수,얼마
얼음,얼음
얼음장,얼음
엄숙하다,엄숙하다
위엄,엄숙하다
엄하다,엄하다
업무상 과실 치상죄,업무상 과실 치상죄
없다,없다
비다,없다
없어지다,없어지다
엉덩이,엉덩이
궁둥이,엉덩이
볼기,엉덩이
히프,엉덩이
엉뚱하다,엉뚱하다
엉망,엉망
엉터리,엉망
에스컬레이터,에스컬레이터
에콰도르,에콰도르
엑스레이,엑스레이
엑스선,엑스레이
엑스선,엑스선
엑스레이,엑스선
엔진,엔진
엘살바도르,엘살바도르
엘에이,엘에이
로스앤젤레스,엘에이
여관,여관
여기,여기
이곳,여기
이쪽,여기
이거,여기
이것,여기
여덟,여덟
팔,여덟
여동생,여동생
누이,여동생
누이동생,여동생
여드름,여드름
여러분,여러분
여름,여름
주하,여름
여성 단체,여성 단체
부녀회,여성 단체
여성,여성
부녀,여성
부녀자,여성
여인,여성
여자,여성
계집,여성
여성가족부,여성가족부
여성부,여성부
여왕,여왕
여자,여자
여성,여자
여,여자
여행,여행
여행사,여행사
여행자,여행자
여행지,여행지
역도,역도
연,연
연고,연고
연구,연구
연구소,연구소
연구실,연구실
연락,연락
연결,연락
관계,연락
관련,연락
상관,연락
연관,연락
연말,연말
세밑,연말
연맹,연맹
연못,연못
못,연못
호수,연못
연사,연사
연설가,연사
연설사,연사
연설자,연사
연수,연수
수련,연수
연애,연애
연인,연인
애인,연인
연장자,연장자
연지,연지
연필,연필
목필,연필
열,열
열광,열광
열다,열다
개방,열다
열다섯,열다섯
십오,열다섯
열두시,열두시
정오,열두시
열쇠,열쇠
키,열쇠
열아홉,열아홉
십구,열아홉
열여덟,열여덟
십팔,열여덟
열중,열중
몰두,열중
열중쉬어,열중쉬어
열하나,열하나
십일,열하나
열흘,열흘
열흘날,열흘
엿,엿
영결식,영결식
발인,영결식
영국,영국
영상 메시지,영상 메시지
영수증,영수증
수표,영수증
영양사,영양사
영어,영어
영업,영업
상업,영업
영웅,영웅
영원,영원
무궁,영원
길이,영원
불후,영원
영구,영원
영영,영원
영하,영하
영향,영향
끼치다,영향
파급,영향
예,예
예,예
끄덕이다,예
예비군,예비군
예쁘다,예쁘다
곱다,예쁘다
예사,예사
예삿일,예사
예산안,예산안
예수님,예수님
예술,예술
예술가,예술가
예식장,예식장
예언자,예언자
예전,예전
옛날,예전
옛적,예전
오너라,오너라
오라,오너라
부르다,오너라
오누이,오누이
남매,오누이
오늘,오늘
금일,오늘
이번,오늘
오늘날,오늘
현재,오늘
오다,오다
도래,오다
오디오,오디오
듣다,오디오
소식,오디오
청각,오디오
오뚝이,오뚝이
오락,오락
레크리에이션,오락
오락가락,오락가락
오랜만,오랜만
오래간만,오랜만
오랫동안,오랜만
오랜,오랜만
모처럼,오랜만
오른쪽,오른쪽
우측,오른쪽
오른편,오른쪽
우,오른쪽
우편,오른쪽
오리,오리
오빠,오빠
오라버니,오빠
오세아니아,오세아니아
오스트리아,오스트리아
오십,오십
쉰,오십
오열,오열
오월,오월
오이,오이
오전,오전
오전,오전
상오,오전
오징어,오징어
오케이,오케이
오토바이,오토바이
오해,오해
곡해,오해
오후,오후
점심 후,오후
오후,오후
하오,오후
옥탑,옥탑
온갖,온갖
가지가지,온갖
갖가지,온갖
여러 가지,온갖
온도,온도
온라인,온라인
온천,온천
올림픽,올림픽
올케,올케
올해,올해
금년,올해
당년,올해
올,올해
옮다,옮다
옮기다,옮다
옷,옷
의복,옷
의상,옷
와,와
과,와
하고,와
와인,와인
완장,완장
팔띠,완장
완전하다,완전하다
완쾌,완쾌
왕,왕
제왕,왕
황제,왕
왕비,왕비
황후,왕비
군부,왕비
왜,왜
어째서,왜
왜냐하면,왜냐하면
왠지,왠지
외국,외국
이국,외국
타국,외국
해외,외국
외국어,외국어
외국인,외국인
이방인,외국인
외동딸,외동딸
무남독녀,외동딸
외딸,외동딸
외래어,외래어
외롭다,외롭다
고독,외롭다
쓸쓸하다,외롭다
외상,외상
외손녀,외손녀
외손자,외손자
외아들,외아들
독자,외아들
외인,외인
외출,외출
외투,외투
겉옷,외투
외할머니,외할머니
외조모,외할머니
외할아버지,외할아버지
외조부,외할아버지
왼손잡이,왼손잡이
왼쪽,왼쪽
좌측,왼쪽
좌,왼쪽
왼편,왼쪽
좌편,왼쪽
요금,요금
값,요금
사용료,요금
요르단,요르단
요리,요리
요리사,요리사
요일,요일
요즘,요즘
요사이,요즘
요새,요즘
요즈음,요즘
최근,요즘
작금,요즘
요트,요트
돛,요트
욕,욕
비난,욕
비방,욕
욕설,욕
흉보다,욕
욕심,욕심
탐,욕심
용,용
용감하다,용감하다
용기,용감하다
용도,용도
용서,용서
용접,용접
용해,용해
녹다,용해
우간다,우간다
우두머리,우두머리
두목,우두머리
수장,우두머리
우루과이,우루과이
우리,우리
저희,우리
우산,우산
우상,우상
우수,우수
훌륭하다,우수
우승자,우승자
우연,우연
공교롭다,우연
우울,우울
울상,우울
시무룩하다,우울
우울증,우울증
우즈베키스탄,우즈베키스탄
우체국,우체국
우크라이나,우크라이나
운동,운동
스포츠,운동
체육,운동
운동선수,운동선수
운동장,운동장
운영,운영
운전,운전
핸들,운전
운전사,운전사
운전기사,운전사
운전수,운전사
울다,울다
울릉도,울릉도
울분,울분
울산,울산
울산시,울산
울음,울음
웃다,웃다
웃음,웃다
원금,원금
자금,원금
원가,원금
본전,원금
원래,원래
본래,원래
원룸,원룸
원망,원망
원산,원산
원숭이,원숭이
원피스,원피스
월,월
달,월
월경,월경
생리,월경
달거리,월경
월급,월급
급료,월급
봉급,월급
월봉,월급
월급쟁이,월급쟁이
봉급생활자,월급쟁이
샐러리맨,월급쟁이
월드컵,월드컵
월부,월부
월세,월세
월요일,월요일
웨딩드레스,웨딩드레스
위,위
위다,위다
(나이)한 살 위,위다
위로,위로
위안,위로
위반,위반
위배,위반
위선자,위선자
위선쟁이,위선자
위약,위약
위인,위인
위하다,위하다
-러,위하다
위험,위험
험하다,위험
위기,위험
윈도즈,윈도즈
유권자,유권자
유대,유대
유대인,유대인
유태인,유대인
이스라엘인,유대인
유도,유도
유럽 연합,유럽 연합
이유(EU),유럽 연합
유리,유리
거울,유리
유명,유명
지명,유명
유방,유방
젖,유방
가슴,유방
유별나다,유별나다
독특,유별나다
유별스럽다,유별나다
유예,유예
연기,유예
물리다,유예
미루다,유예
유월,유월
유익,유익
이익,유익
이득,유익
이롭다,유익
유지,유지
유추,유추
유치원,유치원
유치하다,유치하다
유행,유행
유행,유행
유혹,유혹
육,육
여섯,육
육군,육군
육십,육십
예순,육십
윤씨,윤씨
은,은
은메달,은메달
은빛,은빛
은색,은빛
은신처,은신처
은혜,은혜
은총,은혜
음력,음력
음세,음력
태음력,음력
의,의
의리,의리
의리,의리
의병,의병
의용군,의병
의군,의병
의사,의사
의사소통,의사소통
의사소통장애,의사소통장애
의성어,의성어
의심,의심
의회,의심
의자,의자
걸상,의자
의장,의장
의정부,의정부
의지,의지
의지,의지
기대다,의지
의태어,의태어
이,이
이기다,이기다
승리,이기다
승리하다,이기다
(경쟁 상대를) 제치다,이기다
이끌리다,이끌리다
이남,이남
이단,이단
이등,이등
이라크,이라크
이란,이란
이력서,이력서
이론,이론
논하다,이론
설,이론
이론,이론
쓰다,이론
이름,이름
명,이름
성명,이름
성함,이름
이마,이마
이메일,이메일
메일,이메일
전자메일,이메일
전자우편,이메일
이모,이모
이모부,이모부
이발,이발
이발사,이발사
이발소,이발소
이발관,이발소
이병,이병
이북,이북
이불,이불
침구,이불
덮다,이불
이사,이사
전출,이사
이삿짐,이삿짐
이송,이송
이스라엘,이스라엘
이슬람교,이슬람교
회교,이슬람교
이십,이십
스물,이십
이씨,이씨
이야기,이야기
강의,이야기
설교,이야기
이야기책,이야기책
이어 내리다,이어 내리다
전통,이어 내리다
내려오다,이어 내리다
이외,이외
기타,이외
이용,이용
활용,이용
이웃,이웃
이월,이월
이의,이의
이자,이자
이전,이전
이사,이전
전출,이전
이중,이중
이집트,이집트
이천,이천
이탈리아,이탈리아
이틀,이틀
이틀 후,이틀
이해,이해
납득,이해
양해,이해
이혼,이혼
익다,익다
여물다,익다
열매,익다
익숙하다,익숙하다
익숙하다,익숙하다
능숙하다,익숙하다
숙달,익숙하다
익히다,익히다
인공와우,인공와우
인기,인기
인도(공화국),인도
인도(공화국),인도
인도네시아,인도네시아
인디언,인디언
인라인스케이트,인라인스케이트
인부,인부
인사,인사
경례,인사
인상(을) 쓰다,인상 쓰다
인상,인상
오르다,인상
뛰다,인상
인상,인상
용모,인상
표정,인상
인색,인색
인성,인성
인쇄,인쇄
인쇄소,인쇄소
인정,인정
인천,인천
인천시,인천
인터넷,인터넷
인터뷰,인터뷰
인품,인품
인격,인품
인형,인형
꼭두각시,인형
일개월,일개월
달,일개월
일곱,일곱
칠,일곱
일등,일등
으뜸,일등
제일,일등
최고,일등
가장,일등
맨,일등
수석,일등
일반,일반
대개,일반
보통,일반
평범하다,일반
일백,일백
백,일백
일본,일본
왜국,일본
일본어,일본어
일어,일본어
일본인,일본인
일부,일부
일부분,일부
부분,일부
일상생활,일상생활
일석이조,일석이조
일거양득,일석이조
이중,일석이조
중복,일석이조
일식,일식
화식,일식
일본요리,일식
일요일,일요일
일월 일일,일월 일일
일월,일월
정월,일월
일자리,일자리
일터,일자리
직장,일자리
일주일,일주일
이레,일주일
일출,일출
동,일출
아침,일출
(해가)돋다,일출
일치,일치
대응,일치
맞추다,일치
일치,일치
동감,일치
동의,일치
공감,일치
일흔,일흔
칠십,일흔
읽다,읽다
읽기,읽다
잃어버리다,잃어버리다
분실,잃어버리다
잃다,잃어버리다
임신,임신
회임,임신
임씨,임씨
임원,임원
임자,임자
주인,임자
주체,임자
입,입
이론,입
입사,입사
입석,입석
서다,입석
입술,입술
입원,입원
입장,입장
입장을 바꾸다,입장을 바꾸다
입증,입증
증명,입증
입학,입학
취학,입학
입교,입학
입학식,입학식
잇다,잇다
있다,있다
잉글랜드,잉글랜드
잎,잎
ㅈ,ㅈ
자각,자각
자각,자각
독각,자각
연각,자각
자격,자격
자격증,자격증
자결,자결
자살,자결
자해,자결
자금,자금
자기,자기
스스로,자기
자체,자기
혼자,자기
홀로,자기
자발,자기
자신,자기
자동,자동
자라 왔다,자라 왔다
자라다,자라 왔다
자라다,자라다
발육,자라다
성숙,자라다
성장,자라다
장성,자라다
자랑,자랑
뽐내다,자랑
자르다,자르다
자립,자립
독립,자립
자주독립,자립
자막,자막
자매,자매
자메이카,자메이카
자부심,자부심
자부,자부심
자손,자손
후손,자손
자습,자습
자시다,자시다
잡수다,자시다
자식,자식
자녀,자식
자신,자신
나,자신
저,자신
내,자신
자신감,자신감
자연,자연
천연,자연
저절로,자연
자원봉사자,자원봉사자
자유,자유
임의,자유
마구,자유
마음껏,자유
마음대로,자유
멋대로,자유
제멋대로,자유
함부로,자유
자음,자음
자장면,자장면
짜장면,자장면
자전거,자전거
사이클,자전거
자정,자정
오야,자정
자진,자진
작가,작가
작곡가,작곡가
작년,작년
지난해,작년
과년,작년
거년,작년
전년,작년
작다,작다
다소,작다
약간,작다
조금,작다
약소하다,작다
자그마하다,작다
적다,작다
조그마하다,작다
작업복,작업복
노동복,작업복
일복,작업복
작업장,작업장
일터,작업장
작위,작위
작은할아버지,작은할아버지
잔,잔
컵,잔
잔디,잔디
풀,잔디
잔디밭,잔디밭
잔소리,잔소리
지껄이다,잔소리
잔업,잔업
잘못,잘못
못하다,잘못
잘하다,잘하다
잘,잘하다
잘하다,잘하다
좋다,잘하다
잠그다,잠그다
잠깐,잠깐
잠시,잠깐
잠꾸러기,잠꾸러기
잠보,잠꾸러기
잠비아,잠비아
잠수,잠수
잠수함,잠수함
잠자리,잠자리
잠자코,잠자코
잡담,잡담
잡지,잡지
잡지책,잡지
잡채,잡채
잣,잣
장갑차,장갑차
장갑차량,장갑차
장관,장관
장교,장교
군교,장교
장군,장군
장기,장기
장난,장난
장로,장로
장로교,장로교
장롱,장롱
장모,장모
장모님,장모
장미꽃,장미꽃
장사,장사
가게,장사
상점,장사
시장,장사
장수,장수
상인,장수
장악,장악
점령,장악
점유,장악
침략,장악
함락,장악
장애 수당,장애 수당
장애 아동 수당,장애 아동 수당
장애,장애
병신,장애
제대로 안되다,장애
장애인,장애인
장애인 기능 경진 대회,장애인 기능 경진 대회
장애인 등에 대한 특수 교육법,장애인 등에 대한 특수 교육법
장애인 보조견,장애인 보조견
장애인 복지 단체 협의회,장애인 복지 단체 협의회
장애인 복지 시설,장애인 복지 시설
장애인 지역사회 재활 시설,장애인 지역사회 재활 시설
장애인 직업 재활 시설,장애인 직업 재활 시설
장어,장어
장인,장인
장인어른,장인
장하다,장하다
재단사,재단사
재료,재료
재미,재미
흥,재미
흥취,재미
희열,재미
즐기다,재미
재빠르다,재빠르다
기미,재빠르다
눈치,재빠르다
재산,재산
재작년,재작년
거거년,재작년
전전년,재작년
전전해,재작년
지지난해,재작년
재작년도,재작년
재택근무,재택근무
재해,재해
피해,재해
해,재해
재활,재활
저녁,저녁
일석,저녁
저명인사,저명인사
저울,저울
저자,저자
저작자,저자
지은이,저자
필자,저자
저축,저축
예금,저축
적금,저축
저혈압,저혈압
적 없다,적 없다
적색,적색
붉은색,적색
빨간색,적색
적십자,적십자
전과,전과
전기,전기
전자,전기
전기공,전기공
전공,전기공
전달,전달
전갈,전달
전하다,전달
전도사,전도사
전라남도,전라남도
전남,전라남도
전라도,전라도
전라북도,전라북도
전북,전라북도
전람,전람
전문,전문
과,전문
부문,전문
분야,전문
전문가,전문가
베테랑,전문가
전복,전복
전세,전세
전송,전송
전승,전승
소승,전승
전씨,전씨
전염병,전염병
돌림병,전염병
전쟁,전쟁
전투,전쟁
전쟁터,전쟁터
전장,전쟁터
전주,전주
전철역,전철역
지하철역,전철역
전파,전파
전폐,전폐
전화번호,전화번호
절,절
참배,절
큰절,절
절교,절교
단교,절교
절다,절다
절룩거리다,절다
절름거리다,절다
절대,절대
공,절대
공공,절대
결코,절대
절대로,절대
절대,절대
절대로,절대
한사코,절대
절도,절도
도둑,절도
도적,절도
훔치다,절도
절도범,절도범
절도죄,절도죄
절름발이,절름발이
절반,절반
반,절반
반절,절반
절반,절반
반절,절반
절약,절약
검약,절약
절정,절정
정상,절정
정점,절정
절충,절충
절친하다,절친하다
젊다,젊다
청춘,젊다
젊은이,젊은이
청년,젊은이
점검,점검
감사,점검
감시,점검
감찰,점검
검토,점검
검사,점검
수사,점검
사찰,점검
조사,점검
살펴보다,점검
살피다,점검
점원,점원
판매자,점원
판매원,점원
판매인,점원
세일즈맨,점원
점차,점차
점점,점차
차차,점차
차츰,점차
접다,접다
접속,접속
링크,접속
연결,접속
접시,접시
젓가락,젓가락
정답,정답
정돈,정돈
정리,정돈
정력,정력
정류장,정류장
승차장,정류장
정거장,정류장
정류소,정류장
정범,정범
주범,정범
정보,정보
정부,정부
정신,정신
정신이상,정신이상
정신적 장애,정신적 장애
정신장애,정신적 장애
정신차리다,정신차리다
가다듬다,정신차리다
정장,정장
정정당당하다,정정당당하다
정진,정진
꾸준하다,정진
부지런하다,정진
정찰병,정찰병
정책,정책
젖,젖
유방,젖
우유,젖
젖다,젖다
적시다,젖다
물들다,젖다
스미다,젖다
스며들다,젖다
묻다,젖다
제거,제거
제곱킬로미터,제곱킬로미터
제과점,제과점
빵집,제과점
제기,제기
제기차기,제기
제법,제법
제비,제비
제사,제사
제,제사
제일이다,제일이다
제자,제자
모나코,제자
사도,제자
도제,제자
제작소,제작소
제정,제정
제화,제화
조,조
조건,조건
조롱,조롱
우롱,조롱
조롱,조롱
우롱,조롱
조르다,조르다
조립,조립
조명,조명
판단,조명
조물주,조물주
신,조물주
조수,조수
조작,조작
조절,조절
조정,조절
조종,조종
조카,조카
조합,조합
졸리다,졸리다
졸업,졸업
수료,졸업
졸업식,졸업식
졸업장,졸업장
좁다,좁다
옹졸하다,좁다
치사하다,좁다
옹하다,좁다
종,종
급사,종
사환,종
종교,종교
종류,종류
가지,종류
종목,종류
종,종류
다각,종류
다각도,종류
종류,종류
계통,종류
종,종류
종신,종신
생애,종신
일생,종신
평생,종신
필생,종신
한평생,종신
종족,종족
부족,종족
종합,종합
좋다,좋다
좋다,좋다
선,좋다
좌석,좌석
자리,좌석
죄송하다,죄송하다
사과,죄송하다
미안하다,죄송하다
죄수,죄수
주간,주간
주고받다,주고받다
주교,주교
주년,주년
주님,주님
주다,주다
내밀다,주다
내주다,주다
건네주다,주다
제공,주다
교부,주다
주무시다,주무시다
자다,주무시다
잠들다,주무시다
잠자다,주무시다
주민,주민
거주민,주민
주부,주부
주사,주사
접종,주사
주세요,주세요
주십시오,주세요
달라다,주세요
달라고 하다,주세요
주소,주소
주식,주식
증권,주식
주어,주어
주위,주위
주변,주위
둘레,주위
주유소,주유소
주인공,주인공
주일,주일
주제,주제
제목,주제
주차,주차
주차장,주차장
죽다,죽다
돌아가다,죽다
사거,죽다
사망,죽다
서거,죽다
숨지다,죽다
죽음,죽다
임종,죽다
죽이다,죽이다
해치다,죽이다
준말,준말
약어,준말
준비,준비
장만,준비
채비,준비
마련,준비
차리다,준비
챙기다,준비
준장,준장
줄,줄
대열,줄
늘어서다,줄
줄지어 서다,줄
행렬,줄
줄넘기,줄넘기
줄이다,줄이다
감소,줄이다
절감,줄이다
축소,줄이다
줄다,줄이다
중고품,중고품
중국,중국
중령,중령
중부,중부
중부 지방,중부 지방
중사,중사
중앙,중앙
도중,중앙
중,중앙
중도,중앙
가운데,중앙
중심,중앙
중앙,중앙
센터,중앙
중앙청,중앙청
중얼거리다,중얼거리다
중위,중위
중장,중장
중지,중지
끄다,중지
멈추다,중지
그만,중지
마르다,중지
정지,중지
중학교,중학교
중학생,중학생
중교생,중학생
중등생,중학생
중화요리,중화요리
청요리,중화요리
쥐,쥐
쥐색,쥐색
회색,쥐색
증,증
마크,증
-증,증
증가,증가
늘어나다,증가
증명서,증명서
증인,증인
증조할머니,증조할머니
증조할아버지,증조할아버지
지각,지각
지체,지각
늦다,지각
굼뜨다,지각
느리다,지각
더디다,지각
천천하다,지각
서서히,지각
지갑,지갑
지금,지금
갓,지금
이제,지금
인제,지금
현재,지금
시방,지금
지긋지긋,지긋지긋
지겹다,지긋지긋
지난주,지난주
작주,지난주
전주,지난주
지다,지다
일몰,지다
해넘이,지다
지렁이,지렁이
지루하다,지루하다
따분하다,지루하다
지름길,지름길
지리멸렬,지리멸렬
지리산,지리산
지문자,지문자
지화,지문자
지방 자치 단체,지방 자치 단체
지방 장애인 복지 위원회,지방 장애인 복지 위원회
지배인,지배인
지부,지부
지식,지식
지식인,지식인
지연,지연
지옥,지옥
나락,지옥
지원자,지원자
지위,지위
앉다,지위
지저귀다,지저귀다
주둥이,지저귀다
부리,지저귀다
지점,지점
지체장애,지체장애
지체장애인,지체장애인
지출,지출
지폐,지폐
현금,지폐
현찰,지폐
지하,지하
지하철,지하철
전철,지하철
직면,직면
직업교육,직업교육
직접,직접
진급,진급
진노,진노
진단,진단
진료,진단
진찰,진단
검진,진단
진동,진동
진보,진보
향상,진보
진실,진실
참,진실
진흙,진흙
질병,질병
병,질병
병환,질병
질환,질병
앓다,질병
질색,질색
짐바브웨,짐바브웨
집,집
주택,집
가옥,집
세대,집
호,집
댁,집
집값,집값
집사,집사
집안,집안
가정,집안
일가,집안
가내,집안
집어넣다,집어넣다
집요하다,집요하다
끈덕지다,집요하다
집터,집터
집행,집행
집행,집행
활동,집행
활약,집행
집행관,집행관
짓다,짓다
공작,짓다
작성,짓다
제작,짓다
제조,짓다
만들다,짓다
가공,짓다
징그럽다,징그럽다
ㅉ,ㅉ
짜다,짜다
짜다,짜다
소금,짜다
간,짜다
깐깐하다,짜다
까다롭다,짜다
짧다,짧다
가깝다,짧다
짬뽕,짬뽕
찌르다,찌르다
찌푸리다,찌푸리다
근심,찌푸리다
찍다,찍다
ㅊ,ㅊ
차남,차남
차녀,차녀
차려,차려
차이,차이
갭,차이
차장,차장
착각,착각
착오,착각
착취,착취
착하다,착하다
찬송가,찬송가
찬송,찬송가
참가자,참가자
참가인,참가자
참고,참고
참기름,참기름
참다,참다
견디다,참다
인내,참다
자제,참다
억제,참다
참다,참다
견디다,참다
인내,참다
자제,참다
억제,참다
참외,참외
찹쌀,찹쌀
찻삯,찻삯
차비,찻삯
창백하다,창백하다
창안,창안
창원,창원
창원시,창원
찾다,찾다
채팅,채팅
책,책
도서,책
서적,책
책자,책
펴다,책
책방,책방
서점,책방
챔피언,챔피언
우승자,챔피언
처가,처가
처남,처남
처분,처분
시키다,처분
부리다,처분
처음,처음
시작,처음
우선,처음
초,처음
처형,처형
척추,척추
척추장애인,척추장애인
천,천
일천,천
천국,천국
천당,천국
천년,천년
천당,천당
천국,천당
천명,천명
천하다,천하다
철면피,철면피
후안,철면피
파렴치,철면피
몰염치,철면피
철부지,철부지
철저하다,철저하다
철두철미,철저하다
철학,철학
철학자,철학자
첩,첩
첫날,첫날
초일,첫날
첫돌,첫돌
첫째,첫째
첫 번째,첫째
청각장애,청각장애
청각장애인,청각장애인
청바지,청바지
청소년,청소년
청와대,청와대
청자,청자
청주,청주
청주시,청주
체념,체념
기권,체념
포기,체념
그만둠,체념
체류자,체류자
체온,체온
체육관,체육관
체전,체전
운동회,체전
체중,체중
몸무게,체중
체코,체코
체험,체험
초과,초과
지나치다,초과
초대,초대
객,초대
고객,초대
내빈,초대
손님,초대
초빙,초대
초등,초등
초등학교,초등학교
초등학생,초등학생
초교생,초등학생
초등생,초등학생
초록색,초록색
초문,초문
금시초문,초문
초밥,초밥
촌장,촌장
총리,총리
총명,총명
총무,총무
총사령관,총사령관
총장,총장
총재,총재
총회,총회
총회의,총회
촬영,촬영
최고,최고
달성,최고
이루다,최고
이룩하다,최고
최씨,최씨
추기경,추기경
추리,추리
추론,추리
추석,추석
한가위,추석
추석날,추석
팔월대보름,추석
추억,추억
상기,추억
추상,추억
회상,추억
회고,추억
추월,추월
앞지르기,추월
추진,추진
축구,축구
차다,축구
축구장,축구장
축복,축복
축사,축사
축하사,축사
춘천,춘천
춘천시,춘천
출금,출금
출마,출마
출발점,출발점
출석부,출석부
출장,출장
충고,충고
조언,충고
충성,충성
충신,충신
충치,충치
취객,취객
취미,취미
취사장,취사장
취소권,취소권
취업,취업
취직,취업
취임,취임
취하다,취하다
치과,치과
치과의사,치과의사
치료,치료
치마,치마
치매,치매
치매증,치매
치약,치약
친구,친구
동무,친구
벗,친구
우인,친구
친권,친권
친밀하다,친밀하다
친아버지,친아버지
생부,친아버지
친어머니,친어머니
생모,친어머니
친자,친자
친자식,친자
친절,친절
대우,친절
접대,친절
서비스,친절
대접,친절
친지,친지
칠레,칠레
칠순,칠순
고희,칠순
칠월,칠월
침대,침대
침몰,침몰
침착,침착
차분하다,침착
칫솔,칫솔
칭찬,칭찬
ㅋ,ㅋ
카드,카드
카메룬,카메룬
카세트,카세트
카세트테이프,카세트
카센터,카센터
카자흐스탄,카자흐스탄
카지노,카지노
칼,칼
나이프,칼
칼국수,칼국수
캄보디아,캄보디아
캐나다,캐나다
커닝,커닝
부정행위,커닝
커피,커피
케냐,케냐
케이블카,케이블카
케이블,케이블카
케이오,케이오
녹아웃,케이오
케이크,케이크
켜다,켜다
켜지다,켜다
전깃불,켜다
코,코
코를 풀다,코를 풀다
코미디,코미디
희극,코미디
코뿔소,코뿔소
코스타리카,코스타리카
코앞,코앞
코치,코치
지도자,코치
콜라,콜라
콜롬비아,콜롬비아
콧물,콧물
콧방귀,콧방귀
콩,콩
콩가루,콩가루
콩고,콩고
콩나물,콩나물
쿠바,쿠바
쿠웨이트,쿠웨이트
쿨쿨,쿨쿨
크다,크다
꽤,크다
매우,크다
몹시,크다
무척,크다
아주,크다
대,크다
대단히,크다
크로아티아,크로아티아
크리스마스,크리스마스
성탄,크리스마스
성탄절,크리스마스
큰언니,큰언니
큰집,큰집
큰형,큰형
키,키
신장,키
몸높이,키
체고,키
키가 크다,키가 크다
키다리,키다리
킬로,킬로
킬로그램,킬로그램
킬로미터,킬로미터
ㅌ,ㅌ
타결,타결
합의,타결
타월,타월
수건,타월
타인,타인
남,타인
타자,타인
타자,타자
타이핑,타자
타자수,타자수
타이피스트,타자수
탁구,탁구
핑퐁,탁구
탁자,탁자
테이블,탁자
탄압,탄압
압박,탄압
억압,탄압
탄자니아,탄자니아
탄핵,탄핵
뽑다,탄핵
탈퇴,탈퇴
탑,탑
탑골공원,탑골공원
탑승,탑승
오르다,탑승
올라서다,탑승
올라타다,탑승
타다,탑승
태국,태국
태권도,태권도
태극기,태극기
태자,태자
왕자,태자
황태자,태자
택배,택배
택시,택시
터뜨리다,터뜨리다
폭발,터뜨리다
폭파,터뜨리다
터미널,터미널
턱,턱
턱,턱
한턱,턱
털,털
테니스,테니스
정구,테니스
테니스를 치다,테니스를 치다
텔레비전,텔레비전
티브이,텔레비전
토끼,토끼
토마토,토마토
토요일,토요일
토의,토의
토론,토의
통과,통과
통보,통보
알리다,통보
통신,통신
통신 중계,통신 중계
통역,통역
매개,통역
변호,통역
소개,통역
통역사,통역사
통일,통일
통조림,통조림
통하다,통하다
통합,통합
통합 교육,통합 교육
퇴원,퇴원
퇴장,퇴장
퇴직금,퇴직금
퇴학,퇴학
퇴교,퇴학
투명,투명
투자,투자
튀니지,튀니지
튀르키예공화국(약칭 튀르키예),튀르키예공화국
터키,튀르키예공화국
트럭,트럭
특례,특례
특성,특성
특수 교육 대상자,특수 교육 대상자
특수 교육 지원 센터,특수 교육 지원 센터
특수교육,특수교육
특허권,특허권
특히,특히
각별,특히
별,특히
특별,특히
특수,특히
특별히,특히
틈,틈
(바닥에 생기는)균열,틈
티셔츠,티셔츠
티,티셔츠
팀,팀
ㅍ,ㅍ
파,파
파나마,파나마
파도,파도
파라과이,파라과이
파란색,파란색
파랑,파란색
청,파란색
청색,파란색
파랑,파랑
청,파랑
청색,파랑
파랗다,파랑
푸르다,파랑
파리하다,파리하다
파면,파면
해고,파면
파산자,파산자
파산채무자,파산자
파악,파악
파키스탄,파키스탄
판결의 경정,판결의 경정
판결의 공시,판결의 공시
판매,판매
매각,판매
매출,판매
팔다,판매
판사,판사
판이하다,판이하다
다르다,판이하다
판정,판정
판결,판정
팔,팔
팔뚝,팔
팔꿈치,팔꿈치
팔도,팔도
팔레스타인,팔레스타인
팔십,팔십
여든,팔십
팔월,팔월
팥,팥
패다,패다
패자,패자
패배자,패자
팩스,팩스
팩시밀리,팩스
팬티,팬티
퍼지다,퍼지다
만연,퍼지다
분산,퍼지다
유포,퍼지다
해산,퍼지다
해체,퍼지다
번지다,퍼지다
옮다,퍼지다
흩어지다,퍼지다
페루,페루
펜싱,펜싱
편지,편지
서신,편지
우편,편지
편집,편집
편찮다,편찮다
아프다,편찮다
편취죄,편취죄
평면도,평면도
평상,평상
평상시,평상
평소,평상
평안남도,평안남도
평안북도,평안북도
평양,평양
평일,평일
평상일,평일
폐,폐
폐백,폐백
폐쇄,폐쇄
닫다,폐쇄
폐지,폐지
폐회,폐회
포격,포격
포경 수술,포경 수술
포도,포도
포도주,포도주
포르투갈,포르투갈
포병,포병
포복절도,포복절도
포스터,포스터
포옹,포옹
품,포옹
껴안다,포옹
끌어안다,포옹
안다,포옹
품다,포옹
포장,포장
폭등,폭등
급등,폭등
폴란드,폴란드
표어,표어
표창,표창
포상,표창
푸대접,푸대접
홀대,푸대접
푸에르토리코,푸에르토리코
푹,푹
안식,푹
편안,푹
평안,푹
편하다,푹
안정,푹
안심,푹
푼,푼
풀려나다,풀려나다
풀이,풀이
세이프,풀이
수습,풀이
처리,풀이
해결,풀이
해소,풀이
풀다,풀이
해내다,풀이
조치,풀이
풋사과,풋사과
풍선,풍선
프라이드,프라이드
자존심,프라이드
긍지,프라이드
프랑스,프랑스
프랑스어,프랑스어
불어,프랑스어
프로페셔널,프로페셔널
프로,프로페셔널
프린터,프린터
프린트,프린트
피,피
출혈,피
혈,피
혈액,피
피고소인,피고소인
피고,피고소인
피곤,피곤
피로,피곤
피난처,피난처
피난소,피난처
피부,피부
피서지,피서지
피아니스트,피아니스트
피의자,피의자
용의자,피의자
피자,피자
피차,피차
둘이,피차
피해자,피해자
핀란드,핀란드
필기,필기
쓰다,필기
적다,필기
쓰기,필기
저술,필기
서술,필기
필름,필름
필리핀,필리핀
필요,필요
소용,필요
ㅎ,ㅎ
하나,하나
일,하나
한번,하나
하나님,하나님
하느님,하나님
하늘,하늘
개다,하늘
하늘색,하늘색
하루,하루
온종일,하루
종일,하루
하루종일,하루
진종일,하루
진일,하루
하릴없다,하릴없다
어쩔 수 없다,하릴없다
하모니카,하모니카
하복,하복
하사,하사
하야,하야
사임,하야
하와이,하와이
하이힐,하이힐
힐,하이힐
하인,하인
하자,하자
하자,하자
불량,하자
하찮다,하찮다
보잘 것 없다,하찮다
학과,학과
학교,학교
학급,학급
학반,학급
학년,학년
학도병,학도병
학병,학도병
학생,학생
학도,학생
학수고대,학수고대
학수고대,학수고대
학원,학원
배움터,학원
학자금,학자금
학비,학자금
수업료,학자금
학적부,학적부
생활부,학적부
생활기록부,학적부
한강,한강
한국 전쟁,한국 전쟁
한국,한국
대한민국,한국
한국농아인협회,한국농아인협회
한국수화,한국수화
한국어,한국어
한국말,한국어
국어,한국어
한국은행,한국은행
한은,한국은행
한국인,한국인
한국장애인고용촉진공단,한국장애인고용촉진공단
한글 지문자,한글 지문자
한글날,한글날
한꺼번에,한꺼번에
한라산,한라산
한량,한량
한반도,한반도
남북한,한반도
한복,한복
한식,한식
한약,한약
한의사,한의사
한의원,한의원
한자,한자
할까봐,할까봐
할렐루야,할렐루야
할머니,할머니
조모,할머니
할복,할복
할부,할부
할아버지,할아버지
조부,할아버지
할인,할인
내려가다,할인
내리다,할인
함경남도,함경남도
함경북도,함경북도
함께,함께
같이,함께
동반,함께
랑,함께
아울러,함께
더불다,함께
-끼리,함께
함장,함장
합당하다,합당하다
합장,합장
합치다,합치다
집합,합치다
합,합치다
모으다,합치다
모이다,합치다
합하다,합치다
항문,항문
항복,항복
항복,항복
해내다,해내다
이기다,해내다
승,해내다
승리,해내다
낫다,해내다
좋다,해내다
해방,해방
해병,해병
해부,해부
해설자,해설자
해수욕,해수욕
해약,해약
해지,해약
해장국,해장국
핵,핵
햇수,햇수
연수,햇수
행동,행동
거동,행동
동작,행동
짓,행동
품행,행동
행실,행동
행위,행동
움직이다,행동
행하다,행동
행복,행복
복,행복
행사장,행사장
행선지,행선지
행방,행선지
가는곳,행선지
행운,행운
행운아,행운아
행인,행인
행정 고시,행정 고시
행패,행패
횡포,행패
향기롭다,향기롭다
향,향기롭다
향기,향기롭다
향내,향기롭다
향취,향기롭다
향하다,향하다
허다하다,허다하다
많다,허다하다
매우 많다,허다하다
허리,허리
허리띠,허리띠
벨트,허리띠
허무,허무
허술하다,허술하다
허식,허식
헛치레,허식
허풍,허풍
헌금,헌금
헌법 재판소,헌법 재판소
헌병,헌병
헌신,헌신
헌혈,헌혈
공혈,헌혈
헛소문,헛소문
헛일,헛일
허사,헛일
허탕,헛일
헛되다,헛일
헝가리,헝가리
헬리콥터,헬리콥터
헬기,헬리콥터
헬스클럽,헬스클럽
건강 센터,헬스클럽
헬스장,헬스클럽
피트니스클럽,헬스클럽
피트니스센터,헬스클럽
혀,혀
혓바닥,혀
혁명,혁명
혁신,혁신
현금,현금
맞돈,현금
현찰,현금
지폐,현금
현기증,현기증
어지럼증,현기증
현충일,현충일
현행범,현행범
현행 범인,현행범
현혹,현혹
사로잡히다,현혹
혈기,혈기
혈안,혈안
혈압,혈압
혈액형,혈액형
혈액군,혈액형
혈형,혈액형
혈육,혈육
협동,협동
협박,협박
-할 뻔하다,협박
협회,협회
형,형
형님,형
형사,형사
형수,형수
형용사,형용사
형제,형제
형편없다,형편없다
보잘 것 없다,형편없다
형형색색,형형색색
가지각색,형형색색
각양각색,형형색색
호각,호각
호루라기,호각
휘슬,호각
호두,호두
호랑나비,호랑나비
호랑이,호랑이
범,호랑이
호모,호모
게이,호모
호박,호박
호인,호인
호주,호주
오스트레일리아,호주
호텔,호텔
호흡,호흡
호흡 곤란,호흡 곤란
혹시,혹시
혹,혹시
혹여,혹시
혼령,혼령
심령,혼령
영혼,혼령
혼,혼령
혼신,혼신
온몸,혼신
몸,혼신
동체,혼신
몸뚱이,혼신
몸체,혼신
신체,혼신
홀아비,홀아비
홀아버지,홀아비
홀쭉하다,홀쭉하다
홀쭉이,홀쭉하다
홍콩,홍콩
화가 치밀어 오르다,화가 치밀어 오르다
화가,화가
화백,화가
화나다,화나다
노여움,화나다
노엽다,화나다
노하다,화나다
성나다,화나다
성내다,화나다
화내다,화나다
화려하다,화려하다
호화,화려하다
기미하다,화려하다
여미하다,화려하다
화미하다,화려하다
빛나다,화려하다
화산,화산
화상,화상
영화,화상
화요일,화요일
화장,화장
화장대,화장대
화장실,화장실
변소,화장실
화투,화투
확장,확장
넓힘,확장
환경,환경
환경부,환경부
환기,환기
환불,환불
환급,환불
환전,환전
환금,환전
활동 보조인,활동 보조인
황금,황금
금,황금
황해,황해
황해도,황해도
황홀,황홀
휘황하다,황홀
휘황찬란하다,황홀
회개,회개
회견,회견
회계,회계
재정,회계
출납,회계
수지,회계
회비,회비
회사원,회사원
회원,회원
회의,회의
회장,회장
회장,회장
사장,회장
횡령,횡령
착복,횡령
횡재,횡재
후계자,후계자
후계인,후계자
후원,후원
후회,후회
훈련병,훈련병
훈병,훈련병
훈민정음,훈민정음
한글,훈민정음
한국말,훈민정음
훈화,훈화
훌륭하다,훌륭하다
위대하다,훌륭하다
훌륭하다,훌륭하다
장하다,훌륭하다
우수하다,훌륭하다
휘어잡다,휘어잡다
지배,휘어잡다
휩쓸다,휩쓸다
휴게소,휴게소
휴게실,휴게실
휴대전화,휴대전화
핸드폰,휴대전화
휴대폰,휴대전화
휴대전화기,휴대전화
휴일,휴일
쉬는 날,휴일
휴지,휴지
흑자,흑자
흙,흙
흥분,흥분
희롱,희롱
희망,희망
소망,희망
희생자,희생자
힌두교,힌두교
힘들다,힘들다
벅차다,힘들다
힘겹다,힘들다
힘없다,힘없다
ㅏ,ㅏ
ㅐ,ㅐ
ㅑ,ㅑ
ㅒ,ㅒ
ㅓ,ㅓ
ㅔ,ㅔ
ㅕ,ㅕ
ㅖ,ㅖ
ㅗ,ㅗ
ㅘ,ㅘ
ㅙ,ㅙ
ㅚ,ㅚ
ㅛ,ㅛ
ㅜ,ㅜ
ㅝ,ㅝ
ㅞ,ㅞ
ㅟ,ㅟ
ㅠ,ㅠ
ㅡ,ㅡ
ㅢ,ㅢ
ㅣ,ㅣ
